player_name,country,teams,account_id,opendota_name,liquipedia_title,photo_url,match_count,wins,recent_match_count,recent_wins,avg_kills,avg_deaths,avg_assists,avg_gpm,avg_xpm
Manee,AG,Just Webing,1118496070,Manee,,https://avatars.steamstatic.com/261a69e70726d36174180bf12052ec549b769ffa_full.jpg,468,274,20,14,7.0,5.7,17.1,472.45,590.5
Lovely,AI,Mad Kings Esports,196617903,Lovely,,https://avatars.steamstatic.com/6335876f02a7b1e200ac796f7011476db2165179_full.jpg,289,205,20,10,4.95,7.9,24.6,360.9,576.75
autosport,AM,NO BF,1029278444,autosport,,https://avatars.steamstatic.com/a03d399f465e708bcb2e4b2211425376726a8c29_full.jpg,1389,698,20,8,7.4,8.8,10.0,859.05,1249.2
meow,AO,Victory Vortex,1133471138,meow,,https://avatars.steamstatic.com/0fb524702c518f4862995ceac9ca2c0da94d57a1_full.jpg,3152,1589,20,6,9.15,7.15,14.4,478.35,650.1
Zigmorz,AS,FREEDOM$$KIE,415819966,Zigmorz,,https://avatars.steamstatic.com/e1f5926847f0a5ea8b8861531a7077d7338fadeb_full.jpg,12,6,20,8,4.65,5.85,11.6,334.0,549.4
Tobi,AT,Tundra Esports,140288368,Tobi,,https://avatars.steamstatic.com/9ffa3c29ad48561f8219c90fdef31bfeaccdfe81_full.jpg,14887,7896,20,9,1.9,8.45,15.0,292.0,471.5
kutaec,AW,Vagabond,1424632229,kutaec,,https://avatars.steamstatic.com/5024b618cff07088c37fc4e2408f096ebf3afd96_full.jpg,2850,1364,20,10,12.3,6.05,13.75,520.65,800.5
eaases,AX,SIBERIAN BEARS,1111981131,eaases,,https://avatars.steamstatic.com/2c29eede08bf6db3d2ef87a52342dd6087f5df40_full.jpg,284,148,20,8,8.1,9.3,13.35,509.8,741.35
SHVABAUER,Afghanistan,Bedolagi,942416332,SHVABAUER,,https://avatars.steamstatic.com/a38e2f2f2897fbbffe078e436f7ffc87aeff4d02_full.jpg,1731,849,20,8,5.3,9.35,14.45,443.75,685.8
uonvl,Albania,Team Neverlose,1281330173,uonvl,,https://avatars.steamstatic.com/b97cd083047f2a72c9e56a028bd0a6fb47c42d82_full.jpg,1287,682,20,9,5.85,6.9,15.75,390.55,569.5
MegaKaba4ok63,Andorra,АЛЬТУШКИ,407285373,MegaKaba4ok63,,https://avatars.steamstatic.com/f77699e1974df485131db7d5c41d8ba32843b0b1_full.jpg,4274,2195,20,9,9.45,5.15,9.2,1193.35,1813.7
Godot,Australia,Acion Arena,138444306,Godot,,https://liquipedia.net/commons/images/4/4a/Godot_wesg_2018.jpg,7984,4016,20,10,6.35,9.05,20.2,433.1,596.55
TweZZyy,BB,s84,402066396,TweZZyy,,https://avatars.steamstatic.com/45544b1d9c0e02826faa717933f8ff99658524af_full.jpg,2100,1076,20,9,6.55,7.85,7.25,532.15,763.75
Crazysh0t,BD,Suddenly,1535332972,Crazysh0t,,https://avatars.steamstatic.com/2d88c02697d2fa80db384cea94d2894da06f8587_full.jpg,11,2,11,2,4.09,10.27,14.55,416.27,588.55
Davai Lama,BE,HEROIC,138880576,Davai Lama,,https://avatars.steamstatic.com/173b60fdd7588ddcee632899b99878b0c676321c_full.jpg,17958,9440,20,14,4.4,3.95,12.7,541.6,703.05
CTOMAHEH1,BG,B8,314584168,CTOMAHEH1,,https://avatars.steamstatic.com/b7ca27355a9e69e1451394e8d5f82891c3084bc0_full.jpg,3962,2295,20,16,15.4,4.65,18.0,638.75,882.95
Malr1ne,BI,Team Falcons,898455820,Malr1ne,,https://avatars.steamstatic.com/28adc58a0b3ba9e0ab1cccf04bf4f7ea01b15f72_full.jpg,13680,7157,20,10,6.45,4.9,11.05,581.65,777.75
Overrated-,BJ,RIP,391344666,Overrated-,,https://avatars.steamstatic.com/850e0ad405588add9714a17546713d6af045b08f_full.jpg,4775,2356,20,7,4.9,10.05,21.25,369.75,595.85
Napster△,BN,КИМЛОРОД,1212103687,Napster△,,https://avatars.steamstatic.com/ffecf7ea36997f35751e3f55cc4dcf720a6e49fe_full.jpg,1752,864,20,8,7.5,5.85,13.75,494.5,745.45
Oscar,BO,NoPing Esports,352623024,Oscar,,https://avatars.steamstatic.com/5ead1626910f2b297d318e7969dc9e813a944113_full.jpg,7638,4200,20,11,3.6,3.85,8.05,528.85,679.65
ZIRNIJ 2007,BS,4ivasPrime,1137701850,ZIRNIJ 2007,,https://avatars.steamstatic.com/f4ac577a8ba46fac1ac578797717db061dc4f45c_full.jpg,19,12,19,12,10.21,7.21,14.37,543.68,747.26
nayassse,BY,kitsunes tail,1129978666,nayassse,,https://avatars.steamstatic.com/6e8369c2e5765d5fd0686414403cb893c7d970b2_full.jpg,1883,958,20,12,7.05,5.0,9.65,666.8,901.4
MiLAN,Bosnia and Herzegovina,LEVEL UP,98172857,MiLAN,,https://avatars.steamstatic.com/6ba5523eb3990bd167b49a112668a2e57a06a304_full.jpg,9638,5230,20,13,3.05,6.65,16.8,365.05,535.5
hyko,Brazil,x5 Gaming,85312703,hyko,,https://avatars.steamstatic.com/84224ae831a9bb981eedffa03852e0d0736c152c_full.jpg,12874,6867,20,11,4.75,4.3,11.8,536.4,655.2
gotthejuice,CD,Natus Vincere,957204049,gotthejuice,,https://avatars.steamstatic.com/ffbbff7534d320bc4750486ebc67f7b8b408bb86_full.jpg,4960,2671,20,8,5.95,4.1,8.3,701.9,847.5
dilanx<,CI,NO GORDAS,472380049,dilanx<,,https://avatars.steamstatic.com/c8df6861c7ed76752a214c00132d2d269e4a5798_full.jpg,181,101,20,12,9.85,6.6,15.6,533.65,734.8
The International/2024/Eastern Europe,CIS,9Pandas,,The International/2024/Eastern Europe,,https://liquipedia.net/commons/images/f/fe/The_International_2024.jpg,0,0,0,0,,,,,
WoE,CM,Matreshka,1092267175,WoE ,,https://avatars.steamstatic.com/2128d4dace004abfd881ec30cff3a80a54955a78_full.jpg,7626,3922,20,8,6.45,4.7,8.5,663.8,798.25
Miposhka,CO,Team Spirit,113331514,Miposhka,,https://avatars.steamstatic.com/c2dd1e77c065593e8035abec15fc5c89169fffcb_full.jpg,9510,5467,20,12,4.65,6.9,18.35,384.8,547.05
RedRat,CR,New Logic,98772896,RedRat,,https://avatars.steamstatic.com/ae094aef857b2673c8d795e59e1aab08cddd8172_full.jpg,4349,2165,0,0,,,,,
raskol,CX,SISKI GAMING,1040375822,raskol,,https://avatars.steamstatic.com/3c029e3de172e428e1e93882d04a63696b05ba01_full.jpg,6,3,6,3,8.5,9.5,19.17,490.0,736.17
Braxie-,Canada,Thunder Awaken,124127745,Braxie-,,https://avatars.steamstatic.com/fc44aecb56f215c0c12959ba4c1f7046ccfec40e_full.jpg,7923,4106,20,7,3.7,6.65,13.2,407.95,522.95
ShineDi,Chile,Ravage Gaming,101071453,ShineDi,,https://avatars.steamstatic.com/06a5613afde8695a66e7556cd37ce272af0fe7b6_full.jpg,29863,15210,20,9,9.85,5.65,14.35,574.4,710.55
XCJ,China,Antarctic Penguins,117731777,XCJ,,https://avatars.steamstatic.com/2214c51b320b8c43afad8e856dd0caee1fb1f39a_full.jpg,11595,6186,20,8,9.5,6.1,13.0,573.45,701.6
Saberlight,Czech Republic,AVULUS,126212866,Saberlight,,https://avatars.steamstatic.com/d76cefe4e9e02c607ad44d281bf7ecad4efff306_full.jpg,15605,8304,20,7,2.65,6.4,9.6,498.35,624.85
FixV,DJ,ProstoServak Team,1031799162,FixV,,https://avatars.steamstatic.com/40354ce3ebe504eb0ca1dac63aeb024534d2f36f_full.jpg,287,136,20,12,11.55,6.15,12.55,578.75,778.1
Cryble,DZ,AgroNemiga,131333833,Cryble,,https://avatars.steamstatic.com/97e463a36f2693f6158631fb69c4074694019c20_full.jpg,8706,4444,20,12,7.25,8.3,12.65,510.25,694.3
Cr1t-,Denmark,Team Falcons,25907144,Cr1t-,,https://avatars.steamstatic.com/a400c5ddc9696fd8056477e9070fcb852cc49d7e_full.jpg,22644,12184,20,9,2.35,7.05,13.35,307.4,456.6
-Wetto-,EC,TDS Empire,161385728,-Wetto-,,https://avatars.steamstatic.com/593ad15dbd077bc8bfdfe7836b56d7d7ac2c8ff0_full.jpg,1173,582,20,9,7.5,8.35,17.05,537.65,823.45
k33mmy,ER,DF JUNIOR,997958795,k33mmy,,https://avatars.steamstatic.com/0ad03dfce7fd12a7fd78904b4b65619600cd04b2_full.jpg,3226,1650,20,10,4.05,6.1,13.75,478.5,613.1
Aokigahara,ET,agerra,1669637536,Aokigahara,,https://avatars.steamstatic.com/ad97c4a9fad42af46524a49f07056988bda04a6e_full.jpg,241,142,20,12,9.8,9.1,12.35,532.05,687.3
Puppey,Estonia,Team Secret,87278757,Puppey,,https://avatars.steamstatic.com/fef49e7fa7e1997310d705b2a6158ff8dc1cdfeb_full.jpg,3415,2206,20,12,1.85,4.45,12.3,349.55,442.15
The International/2025/Western Europe,Europe,1w Team,,The International/2025/Western Europe,,https://liquipedia.net/commons/images/5/52/The_International_2025.png,0,0,0,0,,,,,
Pawapuz,FJ,DF YOUTH,387500064,Pawapuz,,https://avatars.steamstatic.com/3017f64da039e05834f718537fc1fba48efe92e6_full.jpg,7805,4097,20,15,6.1,4.55,14.5,545.55,686.65
$igmaB0lls,FK,b00bs,1225482370,$igmaB0lls,,https://avatars.steamstatic.com/c52867c739e2be4a40f6d4371f31ae3aed31164d_full.jpg,1346,675,20,9,13.8,6.15,10.25,656.95,870.95
Topson,Finland,Tundra Esports,94054712,Topson,,https://avatars.steamstatic.com/baa16c283256042f7c5db9524f7925dcc902152e_full.jpg,16907,8830,20,12,10.55,5.5,12.95,630.95,780.65
@CaioGordo_,France,x5 Gaming,1248723540,@CaioGordo_,,https://avatars.steamstatic.com/728a6cc32bddf820fbb6ed09f8a45d9a4199ff56_full.jpg,3887,1932,20,12,7.95,6.25,11.1,611.15,825.55
TuszaOwO,GE,Invincible Timmir,1211011071,TuszaOwO,,https://avatars.steamstatic.com/cd3faad90f0db1a6ccfb94fdce39589ef0e60285_full.jpg,148,60,20,10,6.4,10.55,13.0,490.1,894.1
treyz,GI,XXX,1550661930,treyz,,https://avatars.steamstatic.com/c4982ebc5936665f4572a8b8ff57dd0fc52d2f7f_full.jpg,767,389,20,10,12.05,9.05,13.75,811.15,1415.1
main,GN,Team Ensnare,471059022,main,,https://avatars.steamstatic.com/1d819a5049b7f9b0dbdf34e6177ff1313e129d01_full.jpg,1056,525,20,7,8.5,8.6,11.4,645.35,1050.05
Alza,GR,Team Ghull,156826614,Alza,,https://avatars.steamstatic.com/56e9edfdd3a5d26f79de3085e0a9a19da24e1606_full.jpg,3375,1677,20,8,6.8,7.35,16.75,392.6,621.85
Kōtarō.sr4ever,GS,Infinity,185202677,Kōtarō.sr4ever,,https://avatars.steamstatic.com/eb9a01a657d115130d86d7e41060258d95e6544f_full.jpg,10794,5849,20,11,9.85,4.7,9.5,663.8,746.1
SHKV,Germany,4Tatars1Jew,129692343,SHKV,,https://avatars.steamstatic.com/82fd239ce8c193be3c2b29626bf23053c2d52892_full.jpg,10098,5075,20,8,3.5,7.9,13.2,496.0,656.9
SkyLark,Greece,Ad Finem,27178898,Skylark,,https://liquipedia.net/commons/images/c/c0/SkyLark_The_Boston_Major_2016.jpg,5700,3119,20,8,6.05,6.5,10.25,750.6,1025.8
Ash_廣州亮少,HK,Arcane Champion,107365905,Ash_廣州亮少,,https://avatars.steamstatic.com/6da6b80cfeb0f48cc3fd40f453b5e01c0644d648_full.jpg,11060,5696,20,10,4.9,7.3,17.7,363.55,527.6
lowskill,Hungary,B8,98885811,lowskill,,https://avatars.steamstatic.com/d3dddbe62b6084b0d9fe5d63260b30ed5977a30f_full.jpg,15960,8388,20,5,6.95,4.65,7.15,712.05,825.25
HumbleFoxy,IE,Imprint Esports,110701178,HumbleFoxy,,https://avatars.steamstatic.com/d273d150bcaa0cb981c7ee26136a87125ca8f090_full.jpg,4670,2405,20,7,10.55,8.35,13.55,519.3,695.1
eshpek,IO,afk,99148539,eshpek,,https://avatars.steamstatic.com/e951766c8093f4e7da6d7f3ca1c3b87263207fb9_full.jpg,5083,2641,20,10,10.8,4.7,11.3,1221.4,2047.6
KingJungles,IS,HEROIC,81306398,KingJungles,,https://avatars.steamstatic.com/1d1173e9ad0cde222bed5c65807d39420580d7a7_full.jpg,7927,4331,20,9,1.9,4.5,14.1,306.6,454.15
MΛZΞ,India,Vyse,34122708,mz,,https://avatars.steamstatic.com/249a89251182babd8d6da4e4dd0db9a2ed53c15d_full.jpg,7147,3702,20,8,7.25,6.4,12.1,481.05,636.7
Mikoto,Indonesia,Talon,301750126,Mikoto,,https://avatars.steamstatic.com/68fef146130b9b1e70db097c24493fd20f7a75a6_full.jpg,10639,5872,20,12,6.25,2.1,10.85,592.75,740.65
Fly,Israel,nouns,94155156,Fly,,https://avatars.steamstatic.com/f7689771bd13936752da487f646162f75b166cd4_full.jpg,8431,5063,20,7,1.6,5.85,9.65,314.5,396.45
4nalog丶01,Italy,HEROIC,131303632,4nalog丶01,,https://avatars.steamstatic.com/7fffb26652d878e52aa8fe4537ac1a34abf7d2be_full.jpg,13422,7467,20,10,6.75,4.15,8.5,660.15,889.7
x1fps,JM,Young team 2,148424490,x1fps,,https://avatars.steamstatic.com/7831de70681f031a769eb38b830694e36fc8671e_full.jpg,3534,1738,20,8,7.05,4.3,12.0,1084.05,1854.65
reverie,JP,riseofabyss,295034507,reverie,,https://avatars.steamstatic.com/ac50b3784220fe6b654f3f018ce91c216b4763cc_full.jpg,3507,1771,20,10,7.7,8.2,20.45,417.75,643.45
Miracle-,Jordan,Nigma Galaxy,105248644,Miracle-,,https://avatars.steamstatic.com/c027428077a91bec87fe9a0fea6bb9139505d1d1_full.jpg,4061,2389,20,13,9.5,3.1,7.1,709.6,756.65
Starboy,KG,The Last Samurai,402871441,Starboy,,https://avatars.steamstatic.com/5b9d5b11fbc9338f42877beaab728e72979a762d_full.jpg,20,9,20,9,10.9,7.65,13.55,534.85,739.5
dkn-,KH,HappyMeal,113901097,dkn-,,https://avatars.steamstatic.com/cdaac85934e86f9a8ce1b88d1dc05d04a793dcf3_full.jpg,683,338,20,8,6.6,7.25,12.9,856.25,1485.4
Kenken-,KI,Team Classic,324116338,Kenken-,,https://avatars.steamstatic.com/a4ce223475fd9ca853140433f5876e74e90fd7c9_full.jpg,5459,2778,20,12,9.15,7.25,19.35,555.25,801.6
slavenson,KM,Team Aurochs,408894941,slavenson,,https://avatars.steamstatic.com/92574ad72d72c393c28944cf736fac77b2f46d26_full.jpg,4706,2488,20,10,3.15,5.7,18.15,616.8,1163.3
stingeR,KR,Mad Kings Esports,119631156,stingeR,,https://avatars.steamstatic.com/a2efc5265412154c712679d294e41b4d4f6e7f92_full.jpg,4624,2518,20,10,2.4,6.25,13.05,330.95,434.35
YaWaR,Kazakhstan,Howl,420012344,YaWaR,,https://avatars.steamstatic.com/e73f122135cca7e908035dc090fae9f100737f9f_full.jpg,1801,936,20,10,10.0,6.7,12.45,1325.45,2159.55
Nevermine,LA,Antarctic Penguins,113152484,Nevermine,,https://avatars.steamstatic.com/b773b4a5a230145e89b5eb51808a7feef6213c4f_full.jpg,12591,6681,20,9,5.5,5.2,15.05,490.8,659.65
demonedge,LC,ABSOLUTE,1055608751,demonedge,,https://avatars.steamstatic.com/b7b837db892043625cf7a7ad0806146e4e346442_full.jpg,460,234,20,4,7.8,7.0,11.15,910.65,1511.1
fl1nkq,LT,200th team,375952799,fl1nkq,,https://avatars.steamstatic.com/c1c11c3caf066c12234a6ec6340df25f61a768c9_full.jpg,2294,1145,20,14,12.2,6.65,12.35,651.35,892.4
lost in sanctuary,LU,Team Raccoons,1081396104,lost in sanctuary,,https://avatars.steamstatic.com/30a4f6416f1e46a8dbb16d3a56b35e3a0cedaf5b_full.jpg,2913,1433,20,13,11.75,7.85,14.45,740.4,1147.1
Epilept,Latvia,I Hate Women,1090921351,Epilept,,https://avatars.steamstatic.com/c63d9c1144644f733c3ddd2591d713770d04e720_full.jpg,1173,601,20,10,7.7,11.45,13.7,887.2,1506.3
Mazeh,Lebanon,University of Michigan,371322877,Mazeh,,https://avatars.steamstatic.com/2fa77190876d1fd2655a1db0e308a560bb79f7d5_full.jpg,6484,3436,20,13,10.7,7.05,14.2,594.65,793.75
Save-,MD,BetBoom Team,317880638,Save-,,https://avatars.steamstatic.com/c73fa928d08a8d693881c85ee0cbc8febca40ca9_full.jpg,20558,10694,20,12,3.9,4.5,13.5,341.0,490.8
DyrkavTemke,MG,Black Pensils,1270738563,DyrkavTemke,,https://avatars.steamstatic.com/738cb0ccce816bbb5add1b4cbb8115e6cfb55b50_full.jpg,1097,552,20,11,8.3,7.2,12.7,826.25,1304.95
Frankie Four Fingers,MK,DEAR COMRADES,1077333986,Frankie Four Fingers,,https://avatars.steamstatic.com/454e55ceff484c7739e72142d0f20e3c350f0535_full.jpg,247,108,20,14,6.25,11.7,21.9,348.9,576.3
ernest萧瑟,MO,Kotyatki,323804644,ernest萧瑟,,https://avatars.steamstatic.com/cb026766805a4071c18cdcdfa8c0bd56e90756ab_full.jpg,1136,584,20,8,5.9,5.9,10.1,526.85,704.6
Shnicel,MT,PiPiTeam,1136384980,Shnicel,,https://avatars.steamstatic.com/b402d710a521f5ee3b7516794c30ed5f055f1d05_full.jpg,1388,685,20,8,7.75,4.1,12.5,576.6,710.4
ewr,MU,Miyau,1823185083,ewr,,https://avatars.steamstatic.com/1be7644319d84e8a302d81ae6873715a165cd576_full.jpg,1573,764,20,7,9.35,9.2,17.1,606.75,939.55
Tikatakla,MW,Monstahs,77436115,Tikatakla,,https://avatars.steamstatic.com/e426940694640fbaf3d68f0eabefc27f47fb75c9_full.jpg,587,306,20,8,5.35,6.0,18.0,1122.5,1908.25
eace,MX,The Chapulines,116776337,eace,,https://avatars.steamstatic.com/6dd5773e4c007aaa662fa64a68d73a44284691e1_full.jpg,6520,3401,20,10,12.45,7.1,13.5,641.2,888.2
Candyloon,Malaysia,MAG.Yolo,135673679,Candyloon,,https://avatars.steamstatic.com/26000814c067aa84ae7883ccfc81501888e497c7_full.jpg,8690,4693,20,6,2.75,5.1,9.2,501.95,593.55
Nonece-,Mongolia,EZENGUI TOOSGO SQUAD,868116169,Nonece-,,https://avatars.steamstatic.com/9d0939d542aa4828b132039863bf7f4871ed26f3_full.jpg,7100,3616,20,12,9.55,8.5,17.6,566.95,749.5
Yuma,NI,HEROIC,177203952,Yuma,,https://avatars.steamstatic.com/29f3bdb799edee196b3079efbcf73aae8923d3b2_full.jpg,19988,10542,20,10,10.85,3.35,9.05,717.45,876.05
Lich,NP,Shadow Esports,902610453,Lich,,https://avatars.steamstatic.com/3144fa7c034fe574734538167481476ae1ca678e_full.jpg,403,204,20,5,7.95,7.7,9.3,522.5,702.2
YDF,Netherlands,kawaiii girls,75525103,YDF,,https://avatars.steamstatic.com/4e92bfea7246d70aa56835d7169ea71c5065dc10_full.jpg,11517,5798,20,14,13.05,5.5,12.7,599.8,835.0
Fury,New Zealand,Team Essence,78891550,Fury,,https://avatars.steamstatic.com/9a91971532372a4e780d3f0e2e15e613cb9ee17b_full.jpg,12790,7550,20,9,5.2,6.9,12.05,1025.0,1475.5
Saksa,North Macedonia,4 Clover & Lepricon,103735745,Saksa,,https://liquipedia.net/commons/images/a/a6/Saksa_BLAST_Slam_II_Dota.jpg,6345,3770,20,15,3.75,5.45,16.9,377.35,590.6
Taiga,Norway,Wildcard,401792574,Taiga,,https://avatars.steamstatic.com/976156c5e7653e7847a3501abe9cedb79e6b84c6_full.jpg,6276,3392,20,15,2.95,5.55,13.6,359.7,511.95
despair,PR,stray228 teaM,944514450,despair,,https://avatars.steamstatic.com/8051b6164f4b4672bf9279604ca13f02bce21425_full.jpg,1155,577,20,9,9.15,5.85,9.8,639.15,807.95
Aeon,Pakistan,The Cut,92401948,Aeon,,https://avatars.steamstatic.com/7358c2401f071e607ce0aac66b2f1af8e9fc26fd_full.jpg,13433,6927,20,10,10.3,4.95,12.5,591.5,696.95
Puticha,Peru,_Team Thrill,137314263,Puticha,,https://avatars.steamstatic.com/8bc45f933264951bc1e5dbd28ce936a8efe2afa1_full.jpg,1689,920,20,9,7.0,6.6,11.6,579.75,758.1
P4nzvr,Philippines,Cribal Legion,1204635852,P4nzvr,,https://avatars.steamstatic.com/a36e46e49470e43fe259c225a816008c9e03b882_full.jpg,431,227,20,10,6.65,6.9,19.95,398.35,747.3
Ekki,Poland,Pipsqueak+4,230487729,Ekki,,https://avatars.steamstatic.com/3b32c3d30e98f05aacf21a7bdd722445dc70e014_full.jpg,11279,5941,20,10,3.75,8.65,15.55,369.55,532.35
Lilslayer`,Portugal,TSM.FTX,1037953030,Lilslayer`,,https://avatars.steamstatic.com/0cd9b97a9fe1d5f5befe04750959617ff5e2059d_full.jpg,2436,1233,20,13,9.05,11.15,14.55,551.6,800.1
Zaha,Romania,Ragnarök,1226318731,Zaha,,https://avatars.steamstatic.com/db12389ee1931f08b118af06623adce584dfdd9b_full.jpg,722,391,20,9,9.85,7.0,11.65,894.55,1399.4
Monday_Woshka,Russia,4pirates academy,1673852514,Monday_Woshka,,https://avatars.steamstatic.com/d252c852e7bc758053645cb0ef4bceb92523568b_full.jpg,2456,1323,20,9,7.6,5.35,7.75,744.5,1072.7
skiter,SK,Team Falcons,100058342,skiter,,https://avatars.steamstatic.com/e32de017ab05fe4e58083175ff1b4fa221ee78a7_full.jpg,10273,5721,20,9,7.8,3.6,7.8,624.1,762.3
Pancake,SL,SashiMi,1209199029,Pancake,,https://avatars.steamstatic.com/48fe83abe487b9d2770cb7f9c10daec959024c53_full.jpg,1285,627,20,10,6.2,10.2,16.9,392.5,573.7
BoraNija,Serbia,Level UP,298683250,BoraNija,,https://liquipedia.net/commons/images/2/22/BoraNija_WePlay_ToW_Mad_Moon.jpg,739,403,20,6,7.4,4.5,8.85,583.6,675.7
Dre[A]mer,Singapore,Hydra,270048484,Dre[A]mer,,https://avatars.steamstatic.com/b09aed0a0e139398434b388e4fdbbaba49b2c10b_full.jpg,10295,5254,20,9,9.45,4.8,12.5,545.7,712.0
Boxi,Sweden,Team Liquid,77490514,Boxi,,https://liquipedia.net/commons/images/2/2e/Boxi_ESL_One_Kuala_Lumpur_2023.jpg,6042,3470,20,12,3.05,7.7,15.6,311.4,496.8
k1ra- 长眠,Switzerland,mYinsanity,99947395,k1ra- 长眠,,https://avatars.steamstatic.com/a46c93c7083a138123d87f77d896c5c9e3c4e98b_full.jpg,11135,6350,20,18,9.1,4.45,15.7,775.45,1140.25
ButterflyEffect,TF,Team Bright,137895298,ButterflyEffect,,https://avatars.steamstatic.com/2e3acd80fb1e5611ca3807287a31832e32156241_full.jpg,5147,2948,20,10,7.2,2.8,11.4,575.95,753.05
23savage,Thailand,Talon,375507918,23savage,,https://liquipedia.net/commons/images/0/06/23_PGL_Wallachia_Season_1.jpg,15193,8256,20,9,7.8,4.55,7.95,715.7,842.95
Falcon,Turkey,YouNeverKnow,312336321,Falcon,,https://avatars.steamstatic.com/94063ea9dc6c8d238c69655a3535b2fbd26e4c64_full.jpg,1640,857,20,11,13.05,9.05,13.0,639.7,921.0
SSS,UNK,1w Team,402583877,SSS,,https://avatars.steamstatic.com/5dab67fb4fb2d0a4d8fecfdb16a9d8fd0726610b_full.jpg,4940,2651,20,13,6.6,3.25,14.4,589.9,770.8
kimura,UZ,Gangsters Team,1109154269,kimura,,https://avatars.steamstatic.com/78fbcd80281f5acb034c013bcf34c9fb8f728e7e_full.jpg,964,478,20,9,7.45,7.65,13.55,757.05,1177.45
sorryan,Ukraine,The Mighty Midas,909053315,sorryan,,https://avatars.steamstatic.com/44ec4d6030797de158ffa9fe63f81abdc1cc48ef_full.jpg,1919,985,20,5,7.9,9.9,16.35,438.5,644.8
KM,United Kingdom,Tundra Esports,320043747,KM,,https://avatars.steamstatic.com/590ad64cb45408ba7fbcff9c04381c55886614e0_full.jpg,4049,2042,20,9,11.0,9.25,15.05,619.3,872.05
Brightside,United States,GRIN Esports,118394602,Brightside,,https://avatars.steamstatic.com/dee20d9e645f7b8d7bac6d8236dc8c6cd6250e6a_full.jpg,11839,6359,20,13,5.3,6.4,17.95,351.45,556.45
shy,VE,BIZ GAMING,99622043,shy,,https://avatars.steamstatic.com/9e4c0ac375a3350f2eea317dda2c757006754d85_full.jpg,5917,3054,20,8,5.5,3.65,6.0,559.4,660.85
начальник склада,VI,satanizza family,1276858738,начальник склада,,https://avatars.steamstatic.com/e2e0ddd4fbb464eaa08c7d9727d6411b3f6730ad_full.jpg,504,259,20,11,11.0,7.5,14.05,542.35,829.0
ire,VU,Future,1891981496,ire,,https://avatars.steamstatic.com/f86a95959b7366dbe8454305ba6bfe622baa6106_full.jpg,164,89,20,8,6.35,8.6,18.15,398.1,629.55
AL®,Vietnam,Saclo-Team,156464053,AL®,,https://avatars.steamstatic.com/99c69f189f6d7b59fd626c6e4c3d26909034dbf8_full.jpg,6864,3490,20,12,5.3,8.4,12.2,977.6,1851.2
sukadyl,ZA,Novus,1096796120,sukadyl,,https://avatars.steamstatic.com/896da5e59557c9000fd53a0781dce6ef1ae82a51_full.jpg,15,8,20,12,5.85,9.0,17.0,620.35,1137.75
FoKBa,AG,MAGMA,1062089256,FoKBa,,https://avatars.steamstatic.com/ed434c83661ceafaf9c5bb16783965f4ba7982b9_full.jpg,451,221,20,6,3.95,13.6,20.45,305.4,500.85
chervyachok,AO,Feeders Anonymous,1564433036,chervyachok,,https://avatars.steamstatic.com/44b65fa70c3df3819aa00d7b9cb13a40ac7cc2dc_full.jpg,229,105,20,5,6.5,10.4,16.35,441.25,658.05
bzm,AS,Tundra Esports,93618577,bzm,,https://avatars.steamstatic.com/b19df011bbc2c18e4bc8a47cb82c0467726e8e1d_full.jpg,17684,9500,20,10,6.25,4.55,9.8,595.5,729.75
theory of ideology,AT,elegia,1738111508,theory of ideology,,https://avatars.steamstatic.com/6a26f2c209ee663b225cde57553c36d4364abc2b_full.jpg,851,396,20,7,7.3,7.95,8.45,860.05,1474.4
burgir,AX,4AndKebabMaker,342946047,burgir,,https://avatars.steamstatic.com/34b01b0d107ec4ce3c696b2813006dc509dd15fa_full.jpg,2690,1371,20,11,7.25,6.7,17.35,570.85,853.9
Liqvalen,Afghanistan,White Ash Team,413916878,Liqvalen,,https://avatars.steamstatic.com/12a5f7303ac7a4ca1197f3dc805448baef826b7b_full.jpg,125,72,20,7,10.95,6.55,8.95,761.6,1183.65
Raizel,Albania,Rune Eaters,369410085,Raizel,,https://avatars.steamstatic.com/4203f068d261e15b42f0981c2307dd9958052b87_full.jpg,2675,1396,20,9,4.9,10.25,13.25,419.1,580.75
Taku.-,Argentina,Support's Life,58037125,Taku.-,,https://avatars.steamstatic.com/4037923deef14546ef16396dcda868e350ecea36_full.jpg,8970,4638,20,8,6.15,12.3,17.65,407.35,624.9
Kidaro,Australia,OG,104334048,Kidaro,,https://avatars.steamstatic.com/f3240910bb637c3a86db53624de08a7d759024ed_full.jpg,14456,8133,20,13,1.5,7.05,15.15,315.15,468.6
rue,BB,Team Spirit,847565596,rue,,https://avatars.steamstatic.com/aeea8dfbe53d13d39a98ddfe14487f732f0bab9e_full.jpg,3989,2198,20,13,3.5,5.8,15.85,336.5,542.3
RihortSoo,BD,Team Sadge,1148930028,RihortSoo,,https://avatars.steamstatic.com/925e23cecc3da7699a8b466664a73c0ecf8eac51_full.jpg,144,82,20,8,5.3,7.95,12.9,702.45,1325.1
mc,BG,Shopify Rebellion,34505203,mc,,https://avatars.steamstatic.com/59504ab49f50d72492d21593ba1ae619773a467c_full.jpg,6605,3701,20,9,8.55,6.75,16.3,1060.25,1599.4
Monkela,BI,Team Spirit,1674694462,Monkela,,https://avatars.steamstatic.com/3b71aecbfe491318d94ba596289c05da5cd358f6_full.jpg,30,14,20,9,7.85,6.35,11.75,1028.3,1925.85
PAxMaHuHoB`,BJ,Zenit Saint Petersburg,437595980,PAxMaHuHoB`,,https://avatars.steamstatic.com/2796821a3d93aa77445951b9183806b73d7edd39_full.jpg,2013,1091,20,8,7.2,5.3,6.5,573.5,701.05
Kengri,BO,MEW,368073459,Kengri,,https://avatars.steamstatic.com/faa339da85d448e46c8ddf3ac33f87509b4a74dd_full.jpg,3666,1886,20,11,6.8,8.25,14.8,571.35,787.75
Konaric-,BY,Team Warta,247600417,Konaric-,,https://avatars.steamstatic.com/14a61257f5245dc1345d6a76492aaeaaab1f1d6b_full.jpg,4184,2146,20,12,9.45,6.5,13.1,571.4,751.8
grpx1 <01,Brazil,x5 Gaming,916319073,grpx1 <01,,https://avatars.steamstatic.com/9ce095bd224884151dd75b09f5c8c9804f99eb83_full.jpg,5418,3000,20,9,8.9,8.75,13.7,616.4,914.1
Reifū,CD,Vorpal Swordz,1683367124,Reifū,,https://avatars.steamstatic.com/9f90a330436b00499dff7e49968a5cc06a3116c1_full.jpg,494,255,20,7,6.55,7.8,12.25,508.6,680.3
StyxJR06,CO,Port Soyuz Lerius,1282686505,StyxJR06,,https://avatars.steamstatic.com/b415d356d598a4c5bc7f357499719d2406e190f7_full.jpg,1291,680,20,13,5.5,3.2,9.7,1136.3,1660.5
Pashtq,CX,SISKI GAMING,905567563,Pashtq,,https://avatars.steamstatic.com/51bb78fd07a616dffa959c285ad0951a7ece4680_full.jpg,2612,1320,20,14,10.2,6.25,14.15,479.05,675.85
Papercut,Canada,Red Grader,146399558,Papercut,,https://avatars.steamstatic.com/2f1d05c2811f47a3fc6488699b2d0613cc2d192f_full.jpg,4475,2255,20,14,15.2,6.95,15.05,694.9,954.35
Blay,Chile,Sad BoyS,113602555,Blay,,https://avatars.steamstatic.com/11957bf7722c53520961d7af2ba82da8712ac076_full.jpg,11588,5971,20,8,6.15,6.4,14.2,475.5,594.3
Pyw,China,Xtreme Gaming,138543123,Pyw,,https://avatars.steamstatic.com/1eae8e343cd48b7a9ae23ec3dcf7b71b6baf587f_full.jpg,9250,5268,20,8,3.85,6.15,12.45,334.1,465.0
starless,Czech Republic,BŮČCI 5 VŮNÍ,177798748,starless,,https://avatars.steamstatic.com/d6f42bb149b3559c83116d8fc849ef5e2729cc8d_full.jpg,6413,3376,20,10,9.8,5.95,10.8,635.45,805.6
overhelmed,DZ,#снялпопы,1876689618,overhelmed,,https://avatars.steamstatic.com/973726951e681a5cc29c1d58b1ebdb92cec72757_full.jpg,63,32,20,9,9.0,8.05,15.75,492.55,673.85
KRooZi,Denmark,Mango tree,902389059,KRooZi,,https://avatars.steamstatic.com/d00bb9177c6843f27cab6b6f838bbf88e7697e64_full.jpg,1135,584,20,14,8.1,7.8,14.6,551.95,791.25
SebaS,EC,NoPing Esports,249986681,SebaS,,https://avatars.steamstatic.com/ba2e7f820525b375059680b13b3be0d86b57f97e_full.jpg,1465,796,20,11,12.45,4.3,11.05,575.65,709.05
Valex,ER,BackTrackBoys,367202862,Valex,,https://avatars.steamstatic.com/8cb2cb53c02bde806b58c64af4c97187cf8c8c21_full.jpg,4113,2125,20,13,10.15,5.05,15.05,558.15,770.45
Vex,ET,King legion,798111003,Vex,,https://avatars.steamstatic.com/651edef74c3e4041ee6b0f782f667f32d909ba7d_full.jpg,7,3,9,5,6.67,5.78,9.89,582.44,869.11
Chakra,Estonia,Creepy Gaming,359410055,Chakra,,https://avatars.steamstatic.com/eb44feb7bcc1ae95c0e26ba2c506227a23187160_full.jpg,5902,3046,20,11,11.6,6.4,16.65,531.15,778.25
MRBEBES,FO,Team Karmens,1519555895,MRBEBES,,https://avatars.steamstatic.com/b178c79d96d379bffc30e7d84efc2222815a8353_full.jpg,626,315,20,12,9.25,8.8,12.25,964.45,1647.85
Focus,GR,JustBetter,196490133,Focus,,https://avatars.steamstatic.com/6a9c5b75b946339aeb2455e63b2e2175ae17fb5f_full.jpg,17129,9032,20,14,17.25,3.9,13.3,751.7,1009.05
Fiod,Germany,Bonjour Team,1424964292,Fiod,,https://avatars.steamstatic.com/1ac15abe7cbc5979fc6da8d2153afb5868394d11_full.jpg,528,275,20,9,9.8,8.55,11.85,531.0,793.9
Madara (Omar Dabachach),Greece,Ad Finem,,Madara (Omar Dabachach),,https://liquipedia.net/commons/images/6/6a/Madara_The_Boston_Major_2016.jpg,0,0,0,0,,,,,
Conchobhar,IE,Imprint Esports,104193278,Conchobhar,,https://avatars.steamstatic.com/ded502a7de8875dfcd0c69813378cc8f14ab0ed3_full.jpg,4996,2602,20,8,4.05,8.1,16.45,324.95,474.25
vaLpink,IO,TEAM VAL,378605658,vaLpink,,https://avatars.steamstatic.com/6e6cab0287a9611ba56d246ad0d1baa484cd2e01_full.jpg,4134,2083,20,13,8.05,7.55,16.85,445.55,680.95
famikibk,IS,avice666fanat,1116602063,famikibk,,https://avatars.steamstatic.com/87c04480fec8b27b0b231699f75cd00c920d554c_full.jpg,2533,1295,20,15,8.65,6.55,12.1,633.9,840.55
YaegerKnight,India,Grand Tour,113279153,YaegerKnight,,https://avatars.steamstatic.com/f56f8ad943f823c4c10fdc030773d7fc100195b1_full.jpg,4852,2443,20,11,10.05,9.5,18.9,567.9,808.75
Vadimati,Indonesia,Pathetic Team,900760505,Vadimati,,https://avatars.steamstatic.com/a92193311170a2457d361e035b5ebd467fcf9d45_full.jpg,2023,1045,20,12,8.65,6.4,15.4,641.1,946.5
33,Israel,Tundra Esports,86698277,33,,https://liquipedia.net/commons/images/0/02/33_2025_Tundra_Esports.png,19112,10387,20,10,4.1,4.15,9.6,565.35,684.75
Medit3rranean一寸,JP,Mediterranean Team,317704149,Medit3rranean一寸,,https://avatars.steamstatic.com/4a73e82ef3c9700b852ac13ed46429a36f7b954c_full.jpg,1202,583,20,9,6.2,4.65,10.9,1140.65,1868.95
islA,Jordan,CDUB Esports,103162342,islA,,https://avatars.steamstatic.com/e47e8100b9152319c1218f4528b9e8aa1fbb874e_full.jpg,21197,10792,20,9,2.75,7.75,14.55,321.4,445.75
sunset‷,KG,Sibe Team,279460864,sunset‷ ,,https://avatars.steamstatic.com/229bf89bbbdde06b6a7b3396abdf0cd06228f7ac_full.jpg,13786,7155,20,10,5.05,7.15,16.65,498.35,750.25
Lav1Las,KM,Team Wardens,197907787,Lav1Las,,https://avatars.steamstatic.com/e47b602e175c9e0e73e82d544e427d8df0411038_full.jpg,8388,4469,20,7,7.85,6.4,15.4,502.65,678.65
Danial,Kazakhstan,HYDRA,326327879,Danial,,https://avatars.steamstatic.com/d9d463712629003b81cc631eb88cdf47349853a6_full.jpg,18687,9656,20,7,3.35,6.35,13.95,296.2,435.6
KONEBOYS,LA,ONE WAY,379229234,KONEBOYS,,https://avatars.steamstatic.com/a64e32a30325cd5e327de9186fe3242dc2ef1dc7_full.jpg,3063,1548,20,9,10.4,6.25,9.65,677.5,850.9
armageddon,Latvia,VP.Prodigy,838547248,armageddon,,https://avatars.steamstatic.com/687ae6d4f51a1871a434994b9ee74a846cbd128b_full.jpg,7838,4017,20,4,4.4,5.55,10.55,324.35,416.9
No!ob™,Lebanon,Nigma Galaxy,140297552,No!ob™,,https://avatars.steamstatic.com/6066c22c3fe798bfc44a50e40d38d5638f1fa405_full.jpg,11933,6542,20,12,3.65,3.05,10.9,590.65,754.75
Hunrize,MD,Robelic Diamond Team,929818345,Hunrize,,https://avatars.steamstatic.com/c21a7626417ebba4c7823e673c9772ea71176a62_full.jpg,1638,839,20,8,6.75,10.4,16.0,480.2,633.75
ПЕДIK,MK,#вшар,1908304296,ПЕДIK,,https://avatars.steamstatic.com/b142438d23793140ef57522ebe948f3040e7da59_full.jpg,0,0,0,0,,,,,
xypaqqe,MU,.,1207501647,xypaqqe,,https://avatars.steamstatic.com/bb11f2f650a02c6a3b96e232d686881b35d98bcf_full.jpg,780,417,20,10,9.9,9.0,11.85,630.65,936.95
larbytela,MW,besmil9h,1674524190,larbytela,,https://avatars.steamstatic.com/b63bc99abd32d837ef29597a868159150c4f2b68_full.jpg,1539,785,20,11,8.25,7.6,16.3,533.4,748.6
N1ne,MX,Gods of Hell,396792504,N1ne,,https://avatars.steamstatic.com/9c80607ffb6bf4db8adc7bb2449a71d16adf5be1_full.jpg,12226,6298,20,8,5.0,5.65,11.45,325.1,414.65
ChYuaN,Malaysia,Talon,113435203,ChYuaN,,https://liquipedia.net/commons/images/9/9f/ChYuan_The_International_2021.jpg,11977,7459,20,12,6.9,2.9,10.8,549.35,666.9
Se,Mongolia,BLEED,196400041,Se,,https://avatars.steamstatic.com/84686909aee3e7c73d1bfc89fec659cdefad0da2_full.jpg,3094,1692,20,9,3.0,6.75,16.3,325.75,438.0
Blutkönig,Netherlands,5Prisoners Junior,1299119771,Blutkönig,,https://avatars.steamstatic.com/e5126f6af48ca74b81e4dbf9004f24ea3096b657_full.jpg,1935,956,20,10,11.35,7.75,11.75,632.0,821.85
HaSeEb,Pakistan,H1GH-F1VE,869438725,HaSeEb,,https://avatars.steamstatic.com/7c4d7a4d0377b69b7702dbaaa3d4030d1da07ed2_full.jpg,6426,3291,20,10,11.25,8.9,9.8,541.75,802.2
StinkyDotA,Peru,Sector X,241904650,StinkyDotA,,https://avatars.steamstatic.com/be5489ab8809e74cdd0ede8624414fa3038800e2_full.jpg,3698,1752,20,7,5.55,8.35,20.05,362.0,537.7
DON,Philippines,Lil Baws,425195009,DON,,https://avatars.steamstatic.com/b1ee35abb9fd625f22759575df0af03df752a145_full.jpg,8,4,10,4,8.7,11.3,11.2,675.1,1000.0
tidEman,Poland,Jedzie Tramwaj,191830783,tidEman,,https://avatars.steamstatic.com/ca50d771eff7a08d9d58abcbfd53cfbcb35ed80b_full.jpg,8326,4162,20,9,8.75,9.25,13.45,591.15,820.3
BliNcc,Romania,stream,94439767,BliNcc,,https://avatars.steamstatic.com/1deae595437a4d8b285e454569030ba7aef92725_full.jpg,17762,9312,20,8,6.85,4.65,12.65,528.0,688.45
karinegod,Russia,Never Back Down,1684242924,karinegod,,https://avatars.steamstatic.com/f81ad12a70913aec257011ec4ce9aff1b862d87e_full.jpg,2313,1193,20,6,4.6,7.1,7.45,449.9,580.15
SlaweE,SK,SAND KING GÓMEZ,106783671,SlaweE,,https://avatars.steamstatic.com/bbc0fe1e218ab42810adaead2402834c26adf9ac_full.jpg,11734,6187,20,9,8.4,4.3,10.15,728.5,781.15
kriKKiler,SL,Team Deprimes,1353072024,kriKKiler,,https://avatars.steamstatic.com/16f09ab3ff261c8add848ef92c57b4ed415acd54_full.jpg,271,115,20,6,2.9,10.65,18.35,284.3,455.65
HedUs,Serbia,Yatagarasu,1016730588,HedUs,,https://avatars.steamstatic.com/ce82043b001f9cf66ef27b1f842390f08053113b_full.jpg,464,244,20,11,3.5,6.4,12.35,314.15,455.85
ponlo,Singapore,Team Zero,193884241,ponlo,,https://avatars.steamstatic.com/25cb7d9d59ad7672f741b095f01edcbd68b1d80b_full.jpg,16589,8745,20,7,5.0,6.75,9.9,367.7,504.55
quota,Sweden,LGD.FOREVER YOUNG,1240769263,quota,,https://avatars.steamstatic.com/c815d4e0d1989af356780ee7000e6f9b97e4e833_full.jpg,115,54,20,12,10.55,6.1,13.0,652.85,868.05
3ombe,Switzerland,Team Warta,362668319,3ombe,,https://avatars.steamstatic.com/f31ac6b764e5e755e478d9b2bb0e590316d08f04_full.jpg,4012,2054,20,15,3.85,7.3,22.05,322.6,521.35
masiqqe,TF,mentissssss squad,914820553,masiqqe,,https://avatars.steamstatic.com/7be5f6d8041dcde9d8ebd261f1e988f5c4a694af_full.jpg,704,357,20,10,13.1,6.65,10.35,735.3,1162.0
Q,Thailand,Aurora Gaming,193815691,Q,,https://avatars.steamstatic.com/bffc4f8a550b46ba3d345190d841027990629934_full.jpg,8307,4589,20,9,3.8,4.85,12.25,360.2,483.85
ARMIN,Turkey,ROYAL,1548053400,ARMIN,,https://avatars.steamstatic.com/822a44b35230d81f38f76589156ab092a36d0a6c_full.jpg,1,1,1,1,9.0,0.0,9.0,1286.0,1126.0
Maliros,UNK,Team Summer,1214026545,Maliros,,https://avatars.steamstatic.com/199d1cd7c3d8f4ff8073c33c885a7e3252687232_full.jpg,371,160,20,7,2.2,6.95,12.25,308.1,437.55
chrleezxc,UZ,helpme,843713863,chrleezxc,,https://avatars.steamstatic.com/2951c09389516a77d47e305821de17db9b0853bf_full.jpg,1670,828,20,9,10.4,7.75,13.45,690.15,1062.8
deadneyk,Ukraine,pixie SQUAD,949686503,deadneyk,,https://avatars.steamstatic.com/bd683a1c99907c83c95dee84372c1063c7264a67_full.jpg,275,153,20,12,5.2,4.1,10.25,1131.2,1930.3
Char.Dimplesdota,United Kingdom,TX4,131006839,Char.Dimplesdota,,https://avatars.steamstatic.com/d7b6ee98a9c3a20e07be319085df15742d652998_full.jpg,10578,5385,20,6,5.05,7.75,14.3,456.5,832.05
HwD,United States,Beta Esports,840016252,HwD,,https://avatars.steamstatic.com/cac7e676389af4a7c6e1f05a4de7514fe73b69f3_full.jpg,4977,2487,20,11,9.5,8.25,13.55,656.6,916.35
bombi,Vietnam,Neon Esports,228517469,bombi,,https://avatars.steamstatic.com/38e7bc731e43ed2e056b6a33d85cf8d3e4e8fe32_full.jpg,10452,5432,20,10,3.95,7.3,16.95,351.2,478.45
Billi-,ZA,Billi Team,1832062518,Billi-,,https://avatars.steamstatic.com/5e0e1941fa39174c00fa7f4ce0018253fad91715_full.jpg,140,79,20,5,5.25,8.7,12.85,492.95,771.1
zxcplayer,AG,Guardians of Hearts,1096358837,zxcplayer,,https://avatars.steamstatic.com/fa3dd458766d1939dc0000ea5b363051daaf8d84_full.jpg,37,15,20,8,9.55,7.7,13.15,498.5,752.4
hannamiya<,AO,mm,193702114,hannamiya<,,https://avatars.steamstatic.com/5a5d5e3bb641e76a49b5e3762f8e5407c2f55a97_full.jpg,1740,963,20,13,6.7,4.55,13.75,743.75,1108.55
Nathan,AS,Literary Doom,1112638226,Nathan,,https://avatars.steamstatic.com/2ac1aeda9878456467acec29434175723515a189_full.jpg,91,52,20,4,9.15,6.75,9.8,499.15,667.8
panto,AT,Team Spirit,108958769,panto,,https://avatars.steamstatic.com/185189d952d13965d92cb70b68a351cf7df861dd_full.jpg,14612,7941,20,13,2.4,5.6,15.55,348.3,535.8
Inflame丶<,AX,Cuzco Esports,236439031,Inflame丶<,,https://avatars.steamstatic.com/e87d36086d24c2cdd8fc32d2057fc54fbd02a977_full.jpg,2401,1223,20,8,3.65,11.75,17.95,337.85,532.25
LiO,Afghanistan,depressıve days,1567292421,LiO,,https://avatars.steamstatic.com/c195a4d490dede677c15c75cbf85b116959d74f7_full.jpg,35,13,20,9,11.3,7.65,14.7,653.75,884.75
ganiaks,Albania,veternik,1079135332,ganiaks,,https://avatars.steamstatic.com/ec985770f98bfb6ed70fd7c5bff03f53b74010b6_full.jpg,2608,1344,20,8,5.4,7.7,23.2,393.75,625.95
wij,Argentina,x5 Gaming,86850560,wij,,https://avatars.steamstatic.com/2c39566c86d330506a8f87e72a1290085cb1f34c_full.jpg,8078,4327,20,11,5.7,4.7,13.3,699.15,1080.7
!FurZ!,BB,КИМЛОРОД,1591167216,!FurZ!,,https://avatars.steamstatic.com/b4469c9b875801f2b1160c1df3aca6e1f8a9870b_full.jpg,45,20,20,9,5.15,5.7,15.4,412.25,682.85
屌丝Mamoto,BI,Rocket Barrage,1267847654,屌丝Mamoto,,https://avatars.steamstatic.com/ab9d0399a0b1d9ba0bff313f9cd9711afc139240_full.jpg,4408,2175,20,4,7.25,10.8,11.25,443.6,625.35
blast,BO,ceodoomsday,1890861950,blast,,https://avatars.steamstatic.com/94d9a8853c690418dc8e6162547867c6bd1c6a58_full.jpg,274,152,20,7,6.0,6.75,10.95,565.8,789.4
Astral,BY,JustBetter,197547532,Astral,,https://avatars.steamstatic.com/e1d4ea2379f10e4493982d7df16b362705414205_full.jpg,8455,4470,20,14,4.55,4.6,15.75,326.75,456.25
L1RA2,Brazil,Pleaze Gaming,174767747,L1RA2,,https://avatars.steamstatic.com/e92af1f9bc58c329173c11a30629ffbaf6c85d0b_full.jpg,3812,2110,20,13,9.4,5.25,14.35,589.25,773.45
a7per-,CO,VegetableAWS,1631875234,a7per-,,https://avatars.steamstatic.com/21eb4bf07ce7bcf632473d10c91b708f314a00b0_full.jpg,96,53,20,9,6.15,8.5,13.8,489.4,705.85
butterfly,CX,SISKI GAMING,1479264655,butterfly,,https://avatars.steamstatic.com/5b280077717eb90252df490118b8e8287f2f4c10_full.jpg,1036,544,20,8,10.2,10.5,14.25,1009.6,1718.75
天鸽,Canada,Shopify Rebellion,,天鸽,,https://avatars.steamstatic.com/12e76d6f03f074df710aee0ea3bce1a5089b18ac_full.jpg,0,0,0,0,,,,,
555,Chile,Lava Esports,283629288,555,,https://avatars.steamstatic.com/b2f112a921329ea3663452fba2d8fa8c1d071b4a_full.jpg,9695,5553,20,12,13.15,5.3,13.6,660.2,912.45
PhaseOne,China,CLAN 7LW,136808312,PhaseOne,,https://avatars.steamstatic.com/9822bd54e09e05a4410d38f46df2041f49f639f8_full.jpg,108,61,20,10,6.7,6.25,12.9,530.8,731.5
BatLuk,Czech Republic,Ultimate Hunters,1053130959,BatLuk,,https://avatars.steamstatic.com/cff11a8a03adfec7d1a981aab5dc8731993b389d_full.jpg,141,74,20,12,9.95,8.85,15.75,544.6,764.7
Collapse,DZ,Team Spirit,302214028,Collapse,,https://avatars.steamstatic.com/7fe0d0b6b97e6336c683afc939bd2522de5147a5_full.jpg,7753,4513,20,13,5.0,4.1,13.2,597.9,833.6
Hope,EC,Team Double-U,117905733,Hope,,https://avatars.steamstatic.com/1cdbf7329121f9ecb893a30a1d9ae311792c656d_full.jpg,6717,3320,20,10,3.95,9.8,15.65,377.5,537.85
tgk`,Estonia,KLТ,1595482268,tgk`,,https://avatars.steamstatic.com/643dc1135c30dd3dfbc03621966c7c8570a16f3e_full.jpg,2010,1024,20,13,6.55,6.7,13.85,533.6,759.75
1705,Finland,depressed kids,129534974,1705,,https://avatars.steamstatic.com/b255d76111e280089c51c240cbc04e099f4d0ff2_full.jpg,13491,6844,20,8,8.6,7.9,10.15,1346.25,2143.05
Zitraks,Germany,Team Unique,1271469778,Zitraks,,https://avatars.steamstatic.com/6e21f6aad5d26d23e7ccecd9dc4ad19bf1b5cfe5_full.jpg,3029,1586,20,18,20.85,2.75,12.05,843.7,1202.05
PK,IE,Ireland,84422118,PK,,https://avatars.steamstatic.com/f1e17ef4a43dd44060bf7a0c21a1e271bdaa1f99_full.jpg,3298,1727,20,9,9.4,7.9,15.1,501.25,729.1
CHIRA_JUNIOR,IO,Team Yandex,312436974,CHIRA_JUNIOR,,https://avatars.steamstatic.com/8e8d20ffab4d73aee9665debb8a1364a465c9400_full.jpg,16477,8793,20,15,6.6,2.6,13.3,631.25,775.2
Krish`-,India,Execration,349495318,Krish`-,,https://avatars.steamstatic.com/79e1daa6db079ed5fc67fcd682f5e33262722d0b_full.jpg,11137,5994,20,10,7.85,5.1,10.65,593.2,758.15
senju,Indonesia,TEAM GBLK,1089559516,senju,,https://avatars.steamstatic.com/b5206f5fc850085de626cabec19f522c3f3cd876_full.jpg,275,112,20,10,8.05,9.15,10.35,548.3,734.0
jinpachi,JP,LFT1,834617489,jinpachi,,https://avatars.steamstatic.com/75eff258ab9583523b70a3c98acc683a80b99001_full.jpg,94,54,20,14,12.25,4.45,11.25,685.5,920.5
SpOoOiLeR,Jordan,Wolf Warriors †,1264006247,SpOoOiLeR,,https://avatars.steamstatic.com/794be1da1cfb6c52385a70c72db740563e5c944b_full.jpg,1058,509,20,10,9.55,5.5,8.85,567.7,732.75
hina`,KG,HYDRA,424661031,hina`,,https://avatars.steamstatic.com/ffce5dff867801c24d057a43d0811312aea792b8_full.jpg,5874,3090,20,13,10.2,4.75,12.3,1026.9,1545.0
unexpected!!,KM,Motilek,188763118,unexpected!!,,https://avatars.steamstatic.com/05546c03c2d88ce3e7566757bc4135e738a4f6b7_full.jpg,9257,4772,20,11,7.75,5.75,11.6,541.5,704.9
Mary_y,Kazakhstan,twitch.tv,124286163,Mary_y,,https://avatars.steamstatic.com/fa752ae3cddcaada352a913c31c37aaccf4ab9da_full.jpg,15239,7895,20,17,4.35,4.15,21.1,382.5,593.7
BEEBIE,LA,UD VESSUWAN,282359850,BEEBIE,,https://avatars.steamstatic.com/aa6d8d3a829aa7cd2d0376c641384af5a6ccc562_full.jpg,20558,10649,20,9,6.95,5.4,14.0,544.15,715.65
azverin7,Latvia,Free For All,57674647,azverin7,,https://avatars.steamstatic.com/2f5c9627fee309b7b787c1b851907698ad071552_full.jpg,6049,3009,20,13,8.35,10.9,15.85,443.15,593.7
Ceb,Lebanon,OG,88271237,Ceb,,https://avatars.steamstatic.com/15549477f61f0332af4b38c78226bc807005d75a_full.jpg,14306,7531,20,7,2.85,5.4,10.9,406.7,532.45
Saksa,MK,Tundra Esports,103735745,Saksa,,https://avatars.steamstatic.com/ef5578abcc384e0b9d253f19b1fa9f580e921d6a_full.jpg,6345,3770,20,15,3.75,5.45,16.9,377.35,590.6
Firefly,MW,SHADOW GOVERNMENT,1036046982,Firefly,,https://avatars.steamstatic.com/4e9a2fb0e0642af2a3c692debc1e168eba21044c_full.jpg,2353,1193,20,11,7.9,8.4,17.45,468.9,710.95
Hiruko,MX,Nawal Gaming,146969247,Hiruko,,https://avatars.steamstatic.com/035ad2ece0829f771fae5ebf4a54d5f32861ff84_full.jpg,10570,5534,20,9,6.3,4.65,10.95,1003.0,1632.6
Ws`,Malaysia,Aurora Gaming,126842529,Ws`,,https://avatars.steamstatic.com/42c186ff3e95d326999e72838b1e51dd7eaec2b0_full.jpg,3203,1857,20,10,4.5,4.3,9.75,543.25,672.75
sanctity-,Mongolia,Natus Vincere,392169957,sanctity-,,https://avatars.steamstatic.com/fe577650e11a6c05f0522431dab5dded2f7acddb_full.jpg,1361,795,20,10,5.6,4.1,12.95,521.3,648.95
kyara,Netherlands,soslo,876967799,kyara,,https://avatars.steamstatic.com/320adb000bd60cb3a9845c236d0470fa65aaace5_full.jpg,276,133,20,6,6.45,9.15,14.05,951.65,1774.1
alpha pvp,Pakistan,TeamLowSkill,1190795906,alpha pvp,,https://avatars.steamstatic.com/4094bdbb871b05c126b02a4428806b84ee78bd28_full.jpg,1844,951,20,15,12.0,4.45,11.85,679.1,906.55
Nameless9299,Peru,NoLimitsGaming,126340643,Nameless9299,,https://avatars.steamstatic.com/34adcd2a2c63e40ce323f872f4781ef5ee322413_full.jpg,11492,6177,20,5,3.85,7.65,16.95,402.9,620.6
nyOkiee,Philippines,Rolling Mayhem,179326465,nyOkiee,,https://avatars.steamstatic.com/5a5846684a76f2b1db259fd10213babbb070cb53_full.jpg,38,15,20,7,9.25,7.5,12.75,502.15,740.4
Ykiubi,Poland,Sorry If I took Forever,160102698,Ykiubi,,https://avatars.steamstatic.com/df1e26512776f4f3e06ad89ff6e448a4e8481c64_full.jpg,11734,6003,20,12,8.5,9.9,15.2,580.65,776.1
fraqqerz,Russia,MOLITES',172276619,fraqqerz,,https://avatars.steamstatic.com/e51f9d62d7fc0d92b7c65c20526a8d72fd4e635f_full.jpg,3505,1825,20,9,7.7,4.75,9.8,1183.2,1936.6
Taid3v,Serbia,Crowned Raven,1213802866,Taid3v,,https://avatars.steamstatic.com/797bb160d899bad30694df1b759cf701786e5cc0_full.jpg,841,425,20,7,6.1,13.9,11.75,441.4,665.8
xynestar,Singapore,Dragon X,1018967767,xynestar,,https://avatars.steamstatic.com/b7a141a234cdb863a57ada151b411957161cb8af_full.jpg,1239,644,20,13,11.15,5.5,10.6,1160.6,1609.55
Xibbe,Sweden,ITB.Shuffle,50580004,Xibbe,,https://avatars.steamstatic.com/a0e7d06e8a9cd0da892aafc5db74368a59aeb3e5_full.jpg,6110,3285,20,7,5.1,4.8,10.5,523.15,653.1
dandiidie,Switzerland,Skill Issue,336943123,dandiidie,,https://avatars.steamstatic.com/6d74ac2da795305043bdd63a381cef0d3129230d_full.jpg,3636,1845,20,10,16.7,9.2,14.65,677.0,928.45
KNP,Thailand,UD VESSUWAN,285770518,KNP,,https://avatars.steamstatic.com/d474f29d2599ec77533d36a0f74b712433af19fb_full.jpg,7689,3881,20,7,3.35,4.85,10.45,493.6,578.35
Sneaky,Turkey,Türkiye,1133388674,Sneaky,,https://avatars.steamstatic.com/f9b18d3a86d5a65de470629c17cf8dc8fb576f42_full.jpg,9568,5041,20,10,13.35,5.35,11.15,850.65,1205.3
BASS,UNK,святая русь,1509322151,BASS,,https://avatars.steamstatic.com/183414a2f33a6dfa4f70c28c7fde83b8250be0db_full.jpg,21,9,20,12,7.0,6.75,16.4,648.75,1112.0
SoNNeikO,UZ,StoRm,117421467,SoNNeikO,,https://avatars.steamstatic.com/1f022d79416a632c65fe51d214ca87fa2efec045_full.jpg,13195,7125,20,11,2.8,6.05,17.3,348.3,455.25
sasynchenko,Ukraine,satanizza family,1220450470,sasynchenko,,https://avatars.steamstatic.com/e17b024f81635f2b7c21c23d61948d1403389310_full.jpg,2172,1096,20,10,7.9,6.45,10.9,615.7,840.55
Sneyking,United States,Team Falcons,10366616,Sneyking,,https://avatars.steamstatic.com/94de21fe24bf907f2a1a5c83427d3fb7664598e7_full.jpg,14278,8734,20,9,2.1,6.55,12.5,328.9,448.35
Castaway,ZA,Neon Esports,108997922,Castaway,,https://avatars.steamstatic.com/171c04818ecfb6c959636bd5b1c85a0ded88f0cc_full.jpg,13783,7383,20,6,2.7,7.05,13.85,321.75,415.75
Anvу,AG,Team Uninvited,1530533180,Anvу,,https://avatars.steamstatic.com/19122435e66d455ad9b8dc6c9880e8478afe64fd_full.jpg,1820,922,20,11,5.45,8.1,8.2,449.95,606.25
schizophrenia,AO,Колбаса(БАВАРСКАЯ),282525078,schizophrenia,,https://avatars.steamstatic.com/0bb6b3872ee88bed8b661638d679843089c0532f_full.jpg,682,360,20,10,6.3,7.4,11.45,933.65,1481.55
raregods,AS,VP.Prodigy,847851833,raregods,,https://avatars.steamstatic.com/baed3785e59247f15a50262ecf2a4b97420c92d6_full.jpg,1154,640,20,9,5.0,6.9,14.1,343.0,480.6
Ritsu`,AX,Team Prodigy,1254653811,Ritsu`,,https://avatars.steamstatic.com/f0b9f3e166ace73b3d6e11ca342a82b412bf862a_full.jpg,363,183,20,14,10.7,4.6,13.45,619.45,843.85
KG_Zayac,Afghanistan,Natus Vincere,111030315,KG_Zayac,,https://avatars.steamstatic.com/7da8bee5ef00f9e8437ea19fcb6b89bd3fca9217_full.jpg,11033,5865,20,8,2.05,7.25,12.0,272.2,429.9
queezy,Albania,234к234,206097366,queezy,,https://avatars.steamstatic.com/0514cce436dab288db9cef88a0bebb0dc9b87991_full.jpg,5149,2835,20,11,4.5,5.15,11.8,330.75,470.9
Mimeka,Argentina,Argentum,475073810,Mimeka,,https://avatars.steamstatic.com/6054ac92870744ea3f522fe0d412861d86179263_full.jpg,156,81,20,9,5.4,7.45,13.9,700.4,1344.05
anotherhope,Australia,SHOVEL,292462468,anotherhope,,https://avatars.steamstatic.com/b7066fb6ff81e0241bea7620e0bda9e06b669c13_full.jpg,448,212,20,7,10.05,7.15,11.8,570.55,783.5
YuL <,BO,GoD SecreT,161158932,YuL <,,https://avatars.steamstatic.com/c00be90e7f6e04ea515e2cba49f8c5f5cba4ed5a_full.jpg,7652,3950,20,10,6.55,7.25,12.75,517.6,737.45
vetmo,BY,paris x gen,1097934237,vetmo,,https://avatars.steamstatic.com/9ab921c0bf427f1bca7dfec1af2a2bb436fd616a_full.jpg,1556,882,20,7,5.65,12.35,17.0,397.75,589.15
kaffs,Brazil,HEROIC,111750003,kaffs,,https://avatars.steamstatic.com/f95352c08e912225bd1081df4ca75fc45cf2927b_full.jpg,24453,12678,20,9,8.15,6.95,13.6,971.1,1638.0
YiSuS,CO,Chandogs,197813893,YiSuS,,https://avatars.steamstatic.com/9103fd74465ff2e604398c829e03900ee8f609b1_full.jpg,11641,6050,20,10,6.15,4.7,11.45,559.55,768.6
13yosavage,CX,SISKI GAMING,1789558125,13yosavage,,https://avatars.steamstatic.com/2eee36f37a6671df31ad3559ecd8a7f72ad07021_full.jpg,607,319,20,8,3.65,9.9,17.8,314.7,560.85
Haru2:23am,Canada,Rolling Mayhem,251464180,Haru2:23am,,https://avatars.steamstatic.com/00ab2bde37dd7fbcfdffa56e93d533853c3bb09e_full.jpg,1791,950,20,10,6.85,7.4,14.3,833.15,1345.7
SapitoTucherazo,Chile,LA BANDA DEL CHOCLITO,1088737655,SapitoTucherazo,,https://avatars.steamstatic.com/b6e775a4b6756a8e76654e8c91537a9ee6140625_full.jpg,578,301,20,10,5.4,7.25,15.7,727.25,1432.1
EchozZ,China,LGD Gaming,315272623,EchozZ,,https://avatars.steamstatic.com/9e7ada9a01cb8f831ffb245386f7e6b1c74a2dc0_full.jpg,6300,3366,20,10,6.35,3.8,13.65,533.35,693.85
asdfas,Czech Republic,Testa ssfd a,43152130,asdfas,,https://avatars.steamstatic.com/36e878608f41c132a15e8eb1002eb7c9492d0842_full.jpg,761,395,20,8,2.95,7.85,14.15,313.85,482.65
Mentor-,DZ,Team Dark Side,433280853,Mentor-,,https://avatars.steamstatic.com/dab810aa72833f62cbbb99eb1e164708d9b4051a_full.jpg,4560,2365,20,9,11.35,7.35,10.75,598.75,892.55
Y-Mfck,Denmark,Polikarpicks,372631820,Y-Mfck,,https://avatars.steamstatic.com/055fc96f20fe25f2e59d926f67865f5bf686959f_full.jpg,1180,666,20,11,7.25,7.8,16.0,577.85,870.95
Rosalinda,EC,Infinity Queen,126479618,Rosalinda,,https://avatars.steamstatic.com/f6e0bee8c028d31d7ad3b7013b0c606720ea10e6_full.jpg,6266,3121,20,11,4.95,9.15,19.25,359.05,528.1
MTD,Finland,American goons,112426916,MTD,,https://avatars.steamstatic.com/6beaeff340c7b6ad5216b1aa96341aeba3bda4f1_full.jpg,16585,8730,20,8,9.15,4.35,11.35,562.65,704.45
Mo13ei,Germany,Ancient Tribe,106755427,Mo13ei,,https://avatars.steamstatic.com/e0b06b910a1db811a4fc61ef09df6f7fa53ee3e2_full.jpg,6646,3575,20,13,11.05,3.1,11.35,640.45,779.85
LVNATIC,IE,Wongs Bakery,136283288,LVNATIC,,https://avatars.steamstatic.com/11bdae5f2532be043bd91d17cfd49bca8fa966ea_full.jpg,13955,7164,20,12,6.05,6.35,17.6,342.3,514.5
Riseiya卿,Indonesia,AIR DEVOURER,1053306917,Riseiya卿,,https://avatars.steamstatic.com/c22e671d737ff3ee200426738db7ead5f2d836dc_full.jpg,328,164,20,9,9.0,5.3,15.25,563.25,770.8
aquazor,JP,aquazor,460468421,aquazor,,https://avatars.steamstatic.com/d174f1c3a6674a63ac865622a38dd3abe9338171_full.jpg,619,322,20,12,13.5,6.25,10.0,740.25,996.05
AfrOmoush,Jordan,Team Falcons,92253768,AfrOmoush,,https://avatars.steamstatic.com/0fee696c19f0739468d0aa41b222e51499fe4b33_full.jpg,14133,7287,20,11,9.45,5.6,15.05,838.25,1263.0
double rr,Kazakhstan,Team Bella,1569369948,double rr,,https://avatars.steamstatic.com/b7066fb6ff81e0241bea7620e0bda9e06b669c13_full.jpg,1024,481,20,10,11.15,8.25,13.75,564.1,796.75
JACKBOYS,LA,BOOM Esports,392565237,JACKBOYS,,https://avatars.steamstatic.com/5ae44ea56bef4e18ca8b54b9fe9d3e73412eef62_full.jpg,13017,7041,20,17,7.95,2.5,10.7,719.65,845.0
Teacher_Bauer,Latvia,ASTRAL,189155334,Teacher_Bauer,,https://avatars.steamstatic.com/dda2b3a5f34d40aa23bad922ef3d9fb8f6661c58_full.jpg,10175,5264,20,9,5.45,9.95,19.65,376.15,510.65
OmaR,Lebanon,Nigma Galaxy,152168157,OmaR,,https://avatars.steamstatic.com/168e58ab48ab4c2f7e89e4cdd44588a4dd945c15_full.jpg,9869,5287,20,12,3.55,6.5,11.85,293.25,441.9
Yamato,MW,team мacaн,1114001205,Yamato,,https://avatars.steamstatic.com/0fdd349a23282004a59db789b13c1a8b9df5c97c_full.jpg,2459,1252,20,11,9.9,5.1,7.05,1069.65,1745.05
Wonder'boy,Malaysia,Rectify,322925642,Wonder'boy,,https://avatars.steamstatic.com/b687b188e392743b1f0f6ed0d3facc3fe1a7adea_full.jpg,7571,4065,20,10,8.1,4.8,12.8,544.25,696.4
FortuneSoul,Mongolia,Team Tough,886742476,FortuneSoul,,https://avatars.steamstatic.com/4769bf3e846ec36efaf37a25a60c85f1db54ee8d_full.jpg,3348,1810,20,6,8.9,5.55,9.05,598.25,761.4
DanSing,Netherlands,4 Includes + Void Main,208785811,DanSing,,https://avatars.steamstatic.com/37a5c9716bd67aa6c36bd8b53e8a42cf22dfc454_full.jpg,2263,1125,20,9,6.65,7.8,11.4,545.3,779.1
SumaiL-,Pakistan,Nigma Galaxy,111620041,SumaiL-,,https://avatars.steamstatic.com/e452d9c398d20ddbea1faa0c15ff417ff0bf5b02_full.jpg,9435,5076,20,11,7.7,3.6,9.75,596.4,740.7
Razor,Peru,TEAM VORTEX,878020615,Razor,,https://avatars.steamstatic.com/00871997bcc2bf318d7f1b32196e2128e7c4db01_full.jpg,2082,1077,20,10,6.3,6.5,15.45,533.45,778.6
Kuku^,Philippines,Talon,184950344,Kuku^,,https://avatars.steamstatic.com/f37f5c486fa4427e1949987a5f2e568352d43ba3_full.jpg,12279,6583,20,9,1.8,6.4,13.55,318.2,430.9
curable,Poland,psychoforce,1009135753,curable,,https://avatars.steamstatic.com/8df3fbb9717a9433d4c709138700c25228676cb9_full.jpg,538,275,20,10,7.95,8.2,12.05,901.9,1578.25
selfhate,Russia,Sibe Team,1041276674,selfhate,,https://avatars.steamstatic.com/1f4c2a5f637f099b61f07b91dcc8a67b7064051a_full.jpg,8778,4605,20,9,6.9,2.8,7.85,634.55,726.3
MikSa`,Serbia,Nemiga Gaming,374875067,MikSa`,,https://avatars.steamstatic.com/edba6183df35292bc4d9c63c8d6ec46b4bde1fae_full.jpg,2553,1329,20,6,6.65,5.2,9.25,542.65,652.7
poloson,Singapore,Xtreme Gaming,76904792,poloson,,https://avatars.steamstatic.com/faca96225e41a9a98e75d5b1e7e77ea9f58a0c2c_full.jpg,13651,7878,20,12,2.2,4.95,14.95,341.15,485.95
Handsken,Sweden,Rest Farmers,18180970,Handsken,,https://avatars.steamstatic.com/1e27bcd82490cbeaea37913b73bb20798fbc59fa_full.jpg,9321,5170,20,14,7.05,4.75,16.5,530.5,659.6
dii33peaer,Switzerland,EMMAGOD,912373527,dii33peaer,,https://avatars.steamstatic.com/782a0ba98b628553043d17f73d25f3f9adfb6b49_full.jpg,1070,508,20,9,8.5,7.4,11.05,691.75,1115.2
Boombui,Thailand,UD VESSUWAN,101460882,Boombui,,https://avatars.steamstatic.com/c3043196af41e4cfa0ebecdce39563ccaf6d883c_full.jpg,9956,5414,20,4,3.25,7.1,9.15,287.25,387.3
DeLaMalice,Turkey,GJJ,294575098,DeLaMalice,,https://avatars.steamstatic.com/ccec0911ed349c6a95b5d8f2a0aaa568df1ace4c_full.jpg,5088,2588,20,12,11.85,6.25,10.7,834.55,1203.95
Roy,UNK,Cloud Rising,325674279,Roy,,https://avatars.steamstatic.com/20e654bbb1b44c5cdf6929a518fca736c21448a3_full.jpg,3384,1743,20,3,3.3,5.25,8.2,437.05,544.2
TheRealYou,Ukraine,Team Boyko,190600707,TheRealYou,,https://avatars.steamstatic.com/19a7a08d97dbaeb2f531624ed610550a58139407_full.jpg,3662,1846,20,7,7.85,6.8,8.9,558.05,733.15
~(fashion)~,United States,Team ~Fashon~,1112430704,~(fashion)~,,https://avatars.steamstatic.com/3c0635902fd9d6c6f4dc0a0eba1a20ab591275fd_full.jpg,489,252,20,11,6.9,8.25,10.3,491.5,730.4
Q7,AG,Cloud Rising,307291170,Q7,,https://avatars.steamstatic.com/82bd3e1f3b73a0122b60142f609043f7a422d13f_full.jpg,5059,2654,20,4,6.0,4.35,7.55,493.5,588.9
TIMS,AO,OG,155494381,TIMS,,https://avatars.steamstatic.com/d75886f28d853cd5a09233668a6fe640faa17637_full.jpg,12258,6636,20,7,2.3,7.0,12.4,293.05,457.95
yamiru,AS,Digital Vortex,1511302712,yamiru,,https://avatars.steamstatic.com/ddaabfebecce9b92a2a58d4c98b0831ef19c09d9_full.jpg,1935,978,20,12,7.75,5.8,8.0,595.75,767.5
~109,AX,Yaicastan,1036826076,~109,,https://avatars.steamstatic.com/b6dd783c884bd6745cd7ad9b47946c5fe6087336_full.jpg,1689,901,20,11,7.65,8.2,12.05,1353.1,2132.15
exceso,Afghanistan,Elegia,303143269,exceso,,https://avatars.steamstatic.com/64455b3f80e6419b182bf68c483de214f5f56d75_full.jpg,2959,1523,20,10,9.9,6.8,18.95,530.55,747.65
aethereaL,Albania,airstrike,1007207973,aethereaL,,https://avatars.steamstatic.com/001920b54ca0e3c610d90a2303fbb0e09d43e9d5_full.jpg,3427,1732,20,11,10.35,6.6,12.85,653.6,1012.55
ASEEPHASEOFREQUIEM,Argentina,ParaDoxy,967850011,ASEEPHASEOFREQUIEM,,https://avatars.steamstatic.com/a9a86847343c0df015cf0a1a315de6d6c68dc699_full.jpg,617,302,20,7,8.9,6.85,7.8,848.05,1300.7
布道.BruceWayne,BO,Trash,890928937,布道.BruceWayne,,https://avatars.steamstatic.com/688dfd63f3631c2e999c959eb42234343858059b_full.jpg,3175,1676,20,9,8.55,6.65,13.85,542.2,719.6
Ainkrad,BY,One Move,196482746,Ainkrad,,https://avatars.steamstatic.com/83ec45029f31b72ff976a023557def37e7c7b2a4_full.jpg,6715,3593,20,9,6.55,3.75,9.3,598.7,775.95
NeiS,Brazil,Olympos Gaming,126786536,NeiS,,https://avatars.steamstatic.com/acbe3f68510e1c0d53a5991706ac4c8f35d32d0d_full.jpg,3663,1969,20,15,6.75,7.4,20.9,441.5,700.8
KrutoiGleb02,CX,PiPiTeam,1272050859,KrutoiGleb02,,https://avatars.steamstatic.com/422502fb7ce60648b8b48db8d07a46633a369316_full.jpg,448,211,20,4,3.1,7.5,9.8,719.95,1329.8
noNstop`,Canada,Team Cent Gang,341433367,noNstop`,,https://avatars.steamstatic.com/fcc7517474c6f38506bd3c20c229e01fdaccf56b_full.jpg,2387,1253,20,6,5.95,7.45,9.15,728.0,788.55
Skureesh,Czech Republic,Oclosses,351878414,Skureesh,,https://avatars.steamstatic.com/9ebf00ac75dabd81cab29c8f264cba74800bc7e6_full.jpg,1925,1020,20,9,6.5,11.55,12.45,764.25,1202.5
ukiotaki 凛,DZ,Asakura Dynasty,1181768694,ukiotaki 凛,,https://avatars.steamstatic.com/73f477b28606095647a365fce31c9471c009a480_full.jpg,3832,1954,20,10,9.0,6.5,11.65,643.45,866.1
間,EC,gurza_team,,間,,https://avatars.steamstatic.com/2e8fbe1a1c6e86fe4c26bece772e70a9d5b67fcc_full.jpg,0,0,0,0,,,,,
Copy,Germany,nouns,115651292,Copy,,https://liquipedia.net/commons/images/6/63/Copy_PGL_Wallachia_Season_1.jpg,15517,8062,20,11,7.7,4.0,10.7,617.0,782.55
Kang Sun-Da,Indonesia,REMAKE,1265404308,Kang Sun-Da,,https://avatars.steamstatic.com/2d7c1b5a86bf4fb4357f2139c2df7351434d6aaf_full.jpg,2320,1226,20,9,4.55,8.2,17.85,386.6,491.4
Sixcius,JP,Ashes Burn,129355051,Sixcius,,https://avatars.steamstatic.com/00ab2bde37dd7fbcfdffa56e93d533853c3bb09e_full.jpg,10188,5121,20,10,9.45,7.15,10.15,491.0,663.5
kittygawa,Kazakhstan,yung,1739804262,kittygawa,,https://avatars.steamstatic.com/c2e4c3590a09305a72915fd071436eb6a3303961_full.jpg,326,183,20,11,7.55,6.1,9.65,1284.1,2004.55
GH,Lebanon,Nigma Galaxy,101356886,GH,,https://avatars.steamstatic.com/9323e904b3e324623ff4cbad97f0260ce70bde08_full.jpg,16197,8918,20,12,2.0,4.6,11.75,320.35,435.75
Fearing,Malaysia,322 Official,197463631,Fearing,,https://avatars.steamstatic.com/2d7dfa122c712d6fcee3bfd8940abba1c13ce14b_full.jpg,766,363,20,13,7.95,5.15,14.9,520.35,703.35
αce,Mongolia,IHC,274078636,αce,,https://avatars.steamstatic.com/55dc62954e6dfebf065d86a82998e5202ed109e3_full.jpg,5332,2771,20,10,3.0,8.25,13.05,290.55,424.95
Crystallis,Netherlands,Tundra Esports,127617979,Crystallis,,https://avatars.steamstatic.com/50f8809ffd5483bcd0f025cc92db882b459b068c_full.jpg,12943,7003,20,5,6.15,4.75,6.6,598.55,700.8
MoOz,Peru,beastcoast,349310876,MoOz,,https://avatars.steamstatic.com/d9388b1e870dcd7d3c71d708078fb1a7820efc3e_full.jpg,4914,2584,20,13,3.15,5.65,13.75,349.05,467.35
Efking,Philippines,Made in Philippines,126323933,Efking,,https://avatars.steamstatic.com/c6bb89d34397fe6f55b2e761744a11a53911d800_full.jpg,2233,1161,20,8,8.55,9.8,15.25,504.35,688.4
Ruspo,Russia,felt,129461963,Ruspo,,https://avatars.steamstatic.com/563635f2247ff21f89a5cdc44dd435ba118619bf_full.jpg,5851,3084,20,15,9.9,5.5,13.65,730.8,789.15
Kordan,Singapore,Team Secret,262838756,Kordan,,https://avatars.steamstatic.com/539d76500d9b15c9cf3da8aa6f8eb3f0cd4febed_full.jpg,5195,2852,20,9,6.35,3.6,10.2,578.25,730.6
Insania,Sweden,Team Liquid,54580962,Insania ,,https://avatars.steamstatic.com/09419f7e0fa28901a8f290548e956d677c764468_full.jpg,10718,5714,20,8,2.9,5.8,13.85,326.65,440.7
LionaX,Thailand,UD VESSUWAN,58429537,LionaX,,https://avatars.steamstatic.com/7edbe3862db4763224111b8fe77d94d5bf3f287c_full.jpg,5262,3036,20,7,3.3,8.25,16.05,313.3,423.2
Flam3s,Turkey,Shadow Protocol,289101818,Flam3s,,https://avatars.steamstatic.com/dbf8afd3b9af225915ede6fb0b6d6ea9eb8013fe_full.jpg,1064,496,20,10,5.6,6.8,18.5,1036.9,1861.25
T0phs,UNK,Avalanche eSports,220804071,T0phs,,https://avatars.steamstatic.com/0b436a143e51db87ebe4064e2ccbec5f520c8f4e_full.jpg,3196,1707,20,11,6.45,5.1,13.35,505.05,713.15
DaRk1cH,Ukraine,Frog Champ | Reapers From The Moon,1038461422,DaRk1cH,,https://avatars.steamstatic.com/2c772e5bebe609e4496df767aaa478728075361d_full.jpg,5743,2873,20,10,6.85,6.75,15.45,481.7,647.05
emp,United States,GRIN Esports,192120253,emp,,https://avatars.steamstatic.com/175eeae5acfdac536f0bd611cb8d59fe8d8a2bee_full.jpg,15948,9399,20,13,7.5,5.4,16.05,544.0,681.1
Whitemon,AS,Tundra Esports,136829091,Whitemon,,https://avatars.steamstatic.com/d46f1d37433ad9c3e2b8a4c3ca9d6bb2f1dcd369_full.jpg,15924,8530,20,10,1.9,6.85,13.1,312.25,429.9
УvaR04ka,AX,Team Aurochs,1167197697,УvaR04ka,,https://avatars.steamstatic.com/25edc953d928e1b522104983ead789ba6d7fc9c9_full.jpg,1218,653,20,11,9.15,6.95,13.15,1040.95,1836.1
Spard4a,Afghanistan,Majin,878165885,Spard4a,,https://avatars.steamstatic.com/09b7b0be4fb444e194d0aaf3d9a1c370cb73c930_full.jpg,2601,1353,20,10,6.0,5.5,9.2,1180.55,1829.75
rxs,Albania,Team Shattermind,1193527330,rxs,,https://avatars.steamstatic.com/adfa0569aebe7f04ff2f930d35fd36dcbac68edd_full.jpg,2111,1134,20,11,10.0,5.95,16.75,560.35,742.2
BYSMYLAH,Argentina,Bysmylah Allah,1135387591,BYSMYLAH,,https://avatars.steamstatic.com/0667415109d6694dfcfa0d417bb69384b52b3b7f_full.jpg,198,107,20,9,10.5,8.95,10.45,539.95,745.8
FreezyRipper,Australia,团团圆圆,837129090,FreezyRipper,,https://avatars.steamstatic.com/e0fd75c58052eb0e80f050e6c825569cc9dec88c_full.jpg,3921,1994,20,8,1.95,3.75,8.65,484.25,888.45
Michael~,BO,Infinity,248180032,Michael~,,https://avatars.steamstatic.com/87fa50401d63c6e740d7b5c30cc1c730aaa3ee8d_full.jpg,8030,4497,20,11,2.45,4.45,11.85,273.25,403.0
Utsuro,BY,Eclipse Squad,319285567,Utsuro,,https://avatars.steamstatic.com/5217cc2a733583bef2d4180c442cc40538c2d305_full.jpg,2268,1115,20,9,4.25,7.35,17.65,376.6,652.5
Ursaal,Brazil,waawaw123,1062336450,Ursaal,,https://avatars.steamstatic.com/0c51e4129f8f62b7371fc97dddf29903ee63076a_full.jpg,2368,1292,20,8,10.8,6.9,14.05,526.7,715.8
k,CX,SISKI GAMING,1268314778,k,,https://avatars.steamstatic.com/69939f25af66b33aca1187146385d3e1f507658f_full.jpg,18,11,18,11,11.17,6.28,12.67,679.72,915.44
Jenkins,Canada,Fart Studios,95145869,Jenkins,,https://avatars.steamstatic.com/7a48e6e68aefd9db589a8b16c8c0d68cb75ec519_full.jpg,14833,7830,20,8,6.35,9.3,16.5,540.55,738.25
wawa,China,Harakiri Team,1095862876,wawa,,https://avatars.steamstatic.com/caaf3e13a30bd1cba54910da02430717047a3bf7_full.jpg,674,359,20,8,12.8,7.25,10.55,1332.3,2165.1
HarryM,Czech Republic,BŮČCI 5 VŮNÍ,9742724,HarryM,,https://avatars.steamstatic.com/c4c233e58323914c009ff1f18614c6c91fdd163f_full.jpg,12932,6525,20,11,6.25,9.35,18.35,584.65,968.2
Azumi,DZ,Mad Kings Esports,431280976,Azumi,,https://avatars.steamstatic.com/7453156704026eb1f84f883564291162343cdc6d_full.jpg,2802,1462,20,9,10.45,5.8,13.1,591.8,825.15
ICO9,Germany,Alt,1091540758,ICO9,,https://avatars.steamstatic.com/f6cdcb81a978399ae81e62e1625a98fcf6c3a4fe_full.jpg,1096,550,20,7,3.4,9.0,8.15,786.95,1561.5
Fbz,Indonesia,REKONIX,156328257,Fbz,,https://avatars.steamstatic.com/235e6e10cd66af9a6c42020f8053cf3a32508522_full.jpg,11262,6188,20,4,4.4,4.65,7.85,528.5,658.2
ReM<3,JP,Rems Isekai Adventure,319495561,ReM<3,,https://avatars.steamstatic.com/bd81c614543119c53d1237228216b22eafd51024_full.jpg,6321,3433,20,14,12.75,4.7,10.7,747.3,1014.6
ApF~,Kazakhstan,свага),1085701691,ApF~,,https://avatars.steamstatic.com/53582f3ce584b019087aa3b6c43d14b37b496a5d_full.jpg,6024,3062,20,10,8.05,12.6,17.15,480.9,636.8
TrazaM,Malaysia,MAG.Yolo,126397214,TrazaM,,https://avatars.steamstatic.com/eb048191a189ba56c5c32e48027a233c7208dcca_full.jpg,13770,7584,20,9,4.05,6.45,17.95,329.45,505.55
Ikigai鷹,Mongolia,Team Tough,878613736,Ikigai鷹,,https://avatars.steamstatic.com/47ad676481368bdd8e4973e9b9546af3b141d8f5_full.jpg,8348,4390,20,10,7.6,4.45,10.05,549.85,673.05
Lal Dareツ,Netherlands,6ARCEL0NA,1180215495,Lal Dareツ,,https://avatars.steamstatic.com/4bdfa722690884bae8baeb5937fbbb8412c62771_full.jpg,14,9,20,10,7.4,5.55,14.15,892.55,1569.05
M3liodaS,Peru,EARTH GAMING | Meraki Gaming,215073905,M3liodaS,,https://avatars.steamstatic.com/dd6f1b620e8566f2a003eb0f0be0764a75b649da_full.jpg,61,22,20,7,3.7,8.9,12.75,278.5,394.95
JG,Philippines,Neon Esports,136737280,JG,,https://avatars.steamstatic.com/d9c85981bca4416dd554d79a57da6a470ce26ee8_full.jpg,6248,3490,20,11,3.25,3.75,12.5,475.8,617.2
Yuki死神,Russia,Elysium Knights,1674235598,Yuki死神,,https://avatars.steamstatic.com/e354830d73728a493ed2091d5102483a6a2d5157_full.jpg,955,487,20,8,8.55,7.8,11.15,525.85,718.8
Pajkatt,Sweden,4 Clover & Lepricon,174492570,Pajkatt,,https://liquipedia.net/commons/images/a/a5/Pajkatt_Supermajor.jpg,5323,2685,20,9,11.1,9.85,14.35,584.65,841.65
Yoo,Thailand,Apex Predator,990684094,Yoo,,https://avatars.steamstatic.com/3c5a41413a63a7da43016fc8e2fc944ed4c8010d_full.jpg,2283,1205,20,7,7.7,7.55,9.4,523.35,679.8
millky,Turkey,GRIN Esports,276096844,millky,,https://avatars.steamstatic.com/b6849da8e1514845e29572d8d7510a2720615ea3_full.jpg,8858,4762,20,12,11.85,5.1,14.35,1394.2,2075.55
Pure,UNK,Tundra Esports,331855530,Pure,,https://avatars.steamstatic.com/6a15a40b9c4be622c109e679ac5350992ea5d0a2_full.jpg,3192,1822,20,14,9.25,3.65,9.8,710.55,845.65
Fernans,Ukraine,Inner Circle,1172719712,Fernans,,https://avatars.steamstatic.com/afa8a4d8b1376962dd712dfbbbaa008f51ec01c6_full.jpg,9207,4813,20,9,3.4,6.35,15.75,292.05,461.6
albinozebra1,United States,4 Amigos,98961223,albinozebra1,,https://avatars.steamstatic.com/5a6f5484e3ca63f8c07685182910a4d3ce278927_full.jpg,12304,6990,20,9,10.0,8.15,17.35,562.45,795.95
Maya,AS,Sentinel Roses,327324197,Maya,,https://avatars.steamstatic.com/11e8a6820cd6483e533798db47f1c349ced388da_full.jpg,134,71,20,9,6.15,7.0,16.0,367.7,551.5
xd^,AX,Trogaem,1229143838,xd^,,https://avatars.steamstatic.com/b9fd72c3203455b5cafa9740d26f3e98f3bd9e22_full.jpg,1117,576,20,9,9.65,6.5,9.6,1041.0,1640.95
AMS,Afghanistan,Придира?,278391666,AMS,,https://avatars.steamstatic.com/9f5203b7fe2a02b3402d34ecc0d4fcdb03238bd6_full.jpg,1157,586,20,8,5.4,10.4,11.7,442.15,625.15
plat1na,Albania,Team Verpus,1687731050,plat1na,,https://avatars.steamstatic.com/c97c73485428027cab14d0c4e4d551f17134a42a_full.jpg,399,236,20,8,4.2,6.6,13.6,677.05,1271.35
Nelz,Argentina,andreyimmersionsolo,1257316688,Nelz,,https://avatars.steamstatic.com/808c9293de917e41ac8650c571a35999744b81ff_full.jpg,1348,712,20,10,5.4,4.8,6.9,691.5,1092.6
No[o]ne-,Australia,PARIVISION,106573901,No[o]ne-,,https://avatars.steamstatic.com/7aac4cbece8785b0070626caa7da990bf498a8d4_full.jpg,6049,3586,20,11,5.5,3.8,14.0,614.65,833.65
takizawa,BO,VP.Prodigy,312542697,takizawa,,https://avatars.steamstatic.com/58f6a66eec0416adc9cd1b4d6878cff8e682c90c_full.jpg,5328,2758,20,11,6.95,3.55,11.7,596.75,744.15
seicex,BY,ya sosal,891997306,seicex,,https://avatars.steamstatic.com/4279655ed7ee91d0a65acecc0401d47f19a1ca8f_full.jpg,3936,2050,20,10,6.6,9.2,15.2,499.25,695.25
Duster,Brazil,CDUB Esports,116525052,Duster,,https://avatars.steamstatic.com/3d2cec38eab198879db1d0108dfff7c54889649f_full.jpg,9835,5320,20,9,7.85,7.9,15.0,457.95,594.75
y`,China,Team Tidebound,111114687,y`,,https://avatars.steamstatic.com/7d7c866e2d2cd65016bb90c8552da63f597bd422_full.jpg,15883,8703,20,8,2.2,6.6,14.35,307.35,462.6
BOOM,Czech Republic,Team Secret,190826739,BOOM,,https://liquipedia.net/commons/images/8/81/BOOM_PGL_Wallachia_Season_1.jpg,19240,10178,20,5,2.95,5.0,10.5,517.35,618.5
</tatsumi>,DZ,Freaky Team,1057096010,</tatsumi>,,https://avatars.steamstatic.com/baccf9d0f1ea5e9464bb27f05aaecdc7b41263c8_full.jpg,2336,1132,20,12,6.9,10.1,14.65,395.8,566.55
stresspresso,Germany,Wildcard,1202001315,stresspresso,,https://avatars.steamstatic.com/80c718155c86d88b271a518449e7f5ddea6b23fc_full.jpg,2827,1359,20,12,3.0,8.55,17.1,281.75,488.0
Varizh,Indonesia,REKONIX,118559150,Varizh,,https://avatars.steamstatic.com/1e1366dd9b6017e68901c4149e582c377b84cb3e_full.jpg,10106,5333,20,4,2.1,6.25,12.1,287.5,426.85
throw down your tears,JP,godtearz,1272611668,throw down your tears,,https://avatars.steamstatic.com/45423fe2569cf239e60ef339c34ae152363e2efc_full.jpg,193,95,20,9,9.4,4.25,7.7,1109.95,1779.75
Example,Kazakhstan,IMMORTAL,1071319099,Example,,https://avatars.steamstatic.com/8442685651231b08503c282a75c5f324df2ae085_full.jpg,1402,771,20,10,8.2,5.45,9.05,1078.85,1834.15
Eren,Malaysia,Team Disillusion,835676420,Eren,,https://avatars.steamstatic.com/8166d5bf88c3d2ec7b54c07c089b58eaccac6f42_full.jpg,5356,2749,20,12,3.3,6.7,15.25,344.0,486.35
11,Mongolia,IHC,377594124,11,,https://liquipedia.net/commons/images/8/8e/11_2024_IHC_Esports.jpg,12710,6593,20,9,8.45,5.25,9.25,575.75,779.3
JP,Peru,NoLimitsGaming,370600515,JP,,https://avatars.steamstatic.com/d854e478217d2699aafb18ea4ca811bc041da7e2_full.jpg,5303,2790,20,8,5.4,3.3,8.1,585.75,658.2
Z i p,Philippines,Malicious Molesters,374229025, Z i p ,,https://avatars.steamstatic.com/5e9c9c005449baf46f64ca97055697c9424e9f48_full.jpg,756,416,20,12,10.5,4.6,12.45,1421.35,2248.0
N1KS_Ail,Russia,Outcast,1485202207,N1KS_Ail,,https://avatars.steamstatic.com/da667d741e1b8ffa363131ce3d5c95d6891c3193_full.jpg,1033,538,20,7,7.75,8.1,12.95,548.6,698.45
Masaros,Thailand,BLEED,184138153,Masaros,,https://avatars.steamstatic.com/528a45c59b6b37e9090894e6bf8958fd859f7428_full.jpg,15720,8321,20,5,5.85,6.3,10.3,496.55,636.9
striker,Turkey,Papsakaya Mogila,201590698,striker,,https://avatars.steamstatic.com/023d4a2c060cad7fd1d3ac5453a63a4c77a96e31_full.jpg,588,367,20,10,11.45,4.6,8.95,684.05,909.45
Lumpy,UNK,beastcoast,118948666,Lumpy,,https://avatars.steamstatic.com/42fe28942d38a83b0a8f7b6484e4d1196c21c823_full.jpg,5778,3104,20,5,5.45,5.5,9.15,664.05,916.6
Licht 神,Ukraine,felt,925407683,Licht 神,,https://avatars.steamstatic.com/5a4226d8cd33418a88af5847cfa19fb9a8e2f08c_full.jpg,5890,3085,20,10,6.85,5.15,11.45,583.8,668.7
Yuha,United States,Team Hoho,1921028334,Yuha,,https://avatars.steamstatic.com/db8b6aac463e3440a06e71fcaa0a7858fe16d3ca_full.jpg,397,223,20,7,8.25,7.25,13.95,569.3,789.95
4real,AX,Xplosion,902808020,4real,,https://avatars.steamstatic.com/71901004b276026f74ee7f559e048f8793c9c655_full.jpg,2116,1078,20,10,4.55,9.9,16.7,299.75,492.55
eiytwo,Afghanistan,star shop's society,1539501562,eiytwo,,https://avatars.steamstatic.com/04a362fac7ae63a7bfacdea3a7017afdc0e48003_full.jpg,318,163,20,13,14.7,6.4,14.65,587.6,829.15
Ussy,Albania,4 Lesha's anchors,307818380,Ussy,,https://avatars.steamstatic.com/52242694120030ca1811db68bd72feae3320adb4_full.jpg,273,146,20,5,3.85,7.85,11.45,344.7,473.7
Hermit,Argentina,South Team,145372258,Hermit,,https://avatars.steamstatic.com/1fd95eb279c72771290b03d4eec05e99c59ad613_full.jpg,7163,3938,20,7,4.0,5.95,10.15,442.45,526.45
Lissex,BO,Qhali,322010194,Lissex,,https://avatars.steamstatic.com/c039695afcab10cad5f195b1aef9dbef9bc754d8_full.jpg,3239,1721,20,11,5.65,2.9,10.85,520.95,621.0
JIowl,BY,Pobrydim,1244435864,JIowl,,https://avatars.steamstatic.com/3fed91f5a63fa1d1408403a87667d20e8fa92d4d_full.jpg,2224,1239,20,12,8.7,8.45,10.8,1351.15,2057.45
mamorim,Brazil,Avalanche eSports,367647343,mamorim,,https://avatars.steamstatic.com/80dd8e213912db120cf262355730d66dac8894cd_full.jpg,8410,4300,20,12,9.55,5.85,12.0,600.7,779.85
flyfly,China,Yakult Brothers,168028715,flyfly,,https://avatars.steamstatic.com/95b4f68da15993c2a33fb26da38f387a6b2d3a3a_full.jpg,12443,6926,20,6,6.45,4.2,6.45,615.55,708.95
Supream^,Czech Republic,ITB.Shuffle,58513047,Supream^,,https://avatars.steamstatic.com/6aea6022e4f075157ad69a2dde6ed99890801f4b_full.jpg,10941,5868,20,9,6.45,4.05,11.0,519.2,662.85
planet,DZ,Vici Gaming,150961567,planet,,https://avatars.steamstatic.com/2d2dcb093d581353bba24df1aaef7ec558425197_full.jpg,8242,4604,20,8,1.95,5.4,13.4,293.3,470.0
Johnny,Germany,GGNG,133682196,Johnny,,https://avatars.steamstatic.com/b852cd3284db645e6a7a92b04538c0836d4039f9_full.jpg,10263,5399,20,11,5.1,6.4,11.35,414.5,511.1
dalul,Indonesia,REKONIX,155447692,dalul,,https://avatars.steamstatic.com/967d4b8d41033e2ac465c8304d101986d38c6bc6_full.jpg,9282,4992,20,4,2.9,6.2,11.8,303.45,471.05
I r e z u m i <,JP,irezumi,444301916,I r e z u m i < ,,https://avatars.steamstatic.com/a602f1162e47a2c5663805a049251e1ad5e32ac5_full.jpg,2410,1366,20,9,9.15,9.1,14.05,650.0,1013.85
Orsted,Kazakhstan,B-Komachi Fan Club,1224036561,Orsted,,https://avatars.steamstatic.com/4caaec197429b4628625b42a9f0fb12ff31362a2_full.jpg,2223,1143,20,11,10.0,7.85,9.45,755.85,1081.45
zeal,Malaysia,BLEED,147767183,zeal,,https://avatars.steamstatic.com/34cab40a8eb86a73d3a179ed6ae834e5d103eb1b_full.jpg,19059,10353,20,10,3.95,5.2,11.3,534.1,658.75
RTB.,Mongolia,AKUMAS,458191763,RTB.,,https://avatars.steamstatic.com/c5c41d450826025e4089c4f1a5231d40817b4680_full.jpg,1389,725,20,7,7.35,5.95,7.0,694.15,937.65
Tiburoncin,Peru,Qhali,338769995,Tiburoncin,,https://avatars.steamstatic.com/b9653c3e7a3d0fae23314cda05a5c17c15708f80_full.jpg,12133,6364,20,8,6.85,3.55,8.4,666.85,813.0
nyds-,Philippines,Lil Baws,308001251,nyds-,,https://avatars.steamstatic.com/a0553efd8d479d7ef871dc032f25905662d71cfb_full.jpg,539,261,20,11,7.25,6.95,18.1,626.35,922.45
sh1buya,Russia,TheBobers,392533294,sh1buya,,https://avatars.steamstatic.com/d6b650ae857d44a01a149e33c59f586f1aae80b2_full.jpg,3634,1851,20,8,6.55,8.25,14.35,495.8,665.1
Zx,Turkey,Wolf Warriors †,1708202446,Zx,,https://avatars.steamstatic.com/444a3f7a25a18c640de611cfddfefc58b00aa480_full.jpg,541,283,20,9,3.15,11.45,13.1,317.95,419.75
Fakz,UNK,Ryodan Esports,1301879718,Fakz,,https://avatars.steamstatic.com/e381d8aafeaaad11a19e6bd274f43c41daebd33a_full.jpg,463,241,20,8,6.45,10.95,16.75,439.85,601.45
Dima,Ukraine,OG,364681029,Dima,,https://avatars.steamstatic.com/272486b326b0d7519c4aced33281c78bda99f9bd_full.jpg,3439,1733,20,7,3.05,9.45,15.35,311.65,441.75
Bloody Nine,United States,DogChamp,59752811,Bloody Nine,,https://avatars.steamstatic.com/0f17f338cae84744827a7b1faa312415886a763d_full.jpg,18685,9873,20,10,5.15,6.4,15.3,389.55,531.8
poppy_bo,AX,AVULUS,210494519,poppy_bo,,https://avatars.steamstatic.com/a94e624b48a70eb10648eeef2f5cf13e3b576db2_full.jpg,2866,1536,20,8,3.35,9.1,16.95,392.4,648.1
Y79asfb,Afghanistan,Polikarpicks,417992732,Y79asfb,,https://avatars.steamstatic.com/0eabc784ab2233f185dd69300822d017e1f47aa8_full.jpg,1959,1091,20,10,7.8,6.4,12.15,563.4,733.9
deolaro,Albania,твига пор вида,1241853694,deolaro,,https://avatars.steamstatic.com/596f0d5b554586ded7fb665cb659fa07522be89a_full.jpg,2890,1493,20,9,8.95,8.5,13.7,579.45,747.0
iZya,BO,Messier83,257418555,iZya,,https://avatars.steamstatic.com/81f65c741d93e5e0ad559fd899ff0fad46e0e5ab_full.jpg,4703,2473,20,9,9.7,7.85,9.8,1224.7,1923.65
fated,BY,1win,1733936428,fated,,https://avatars.steamstatic.com/47ef89399a43eff6bdfac3ffaf0b757264fcc680_full.jpg,99,45,20,6,3.8,7.15,6.1,704.35,1207.45
Sumer,Brazil,HUNGRY DRAGONS,1084642475,Sumer,,https://avatars.steamstatic.com/fc9160a3629c1c868182c22bb36253c87f7df150_full.jpg,3805,2052,20,8,8.3,5.2,8.0,679.05,807.55
Xwy,China,spiky gaming,255219872,Xwy,,https://avatars.steamstatic.com/c61de958a6b2fa5d8f743a72acbc8243867b2247_full.jpg,3281,1894,20,5,5.8,3.65,8.6,520.25,622.25
taF,Czech Republic,BŮČCI 5 VŮNÍ,232356398,taF,,https://avatars.steamstatic.com/fdc5662d04b384967d93168cd55f5b7211c93b6a_full.jpg,3766,2111,20,10,9.5,5.55,12.35,567.35,702.4
w1n0ff,DZ,sours,1193687710,w1n0ff,,https://avatars.steamstatic.com/600a54e62405d2696730eabca74233adfd9aea7e_full.jpg,404,192,20,7,12.05,9.5,15.6,634.45,944.05
Senpai,Germany,DCE,840533252,Senpai,,https://avatars.steamstatic.com/d3348063ae6895d3c4b61f2615726765854dfba0_full.jpg,2444,1271,20,10,10.55,7.2,11.95,1154.5,1953.25
Marshalll,Indonesia,322 Official,914037134,Marshalll,,https://avatars.steamstatic.com/a2fe582324546e62981c6d9f262d810c86842548_full.jpg,2375,1201,20,8,5.85,8.5,16.65,407.55,622.45
医者watson`,Kazakhstan,Team Yandex,171262902,医者watson`,,https://avatars.steamstatic.com/809638dec657480bf5cf4305a8b3ae2a00f02a8f_full.jpg,12963,6984,20,15,10.25,1.95,10.25,753.35,905.3
Ghost,Malaysia,Nigma Galaxy,148818506,[GHOST],,https://avatars.steamstatic.com/dc6e31b543f29960b571062824afdd0f063cb54e_full.jpg,68,30,20,8,7.4,7.7,13.8,534.1,757.95
seimei,Mongolia,Team Tough,242835570,seimei,,https://avatars.steamstatic.com/faa1ac0e06f2825f9b1497a63c360482fe2a4acc_full.jpg,4240,2346,20,13,3.6,3.7,13.7,508.3,674.15
xhristian,Peru,Team Inca,133006937,xhristian,,https://avatars.steamstatic.com/d00849ecedd2bd5b5ff2ff1e4db67bc41a165860_full.jpg,737,341,20,9,7.1,8.8,15.0,526.25,814.65
Natsumi,Philippines,Talon,355168766,Natsumi,,https://avatars.steamstatic.com/52432b14f43768a098e067786b031f3a71000773_full.jpg,10380,5624,20,7,6.15,3.5,7.0,682.75,803.7
someonedieyoung,Russia,deadwalkers,324925630,someonedieyoung,,https://avatars.steamstatic.com/d6533f38816cfecad321a65968760197337d7c4b_full.jpg,522,261,20,8,7.15,7.85,13.8,521.65,807.2
charlie,Sweden,Alliance,122049498,charlie,,https://avatars.steamstatic.com/ad9330f4143e95539bfd6fa67595495f1d3f2439_full.jpg,15559,8222,20,10,10.95,4.55,10.0,731.85,966.85
ICEICE,UNK,Team Zero,102644565,ICEICE,,https://avatars.steamstatic.com/947a7ab542c6c6206f241cd72128c4187c1d97d6_full.jpg,15980,9323,20,14,2.75,6.45,14.7,331.35,461.9
wellplaYed `,Ukraine,Teikō,840076681,wellplaYed `,,https://avatars.steamstatic.com/26e12fb1802daf5f82f83b7a5a0368a6e0e983a4_full.jpg,2769,1381,20,11,7.7,8.8,15.6,528.15,810.75
hatred,United States,hatred,850569434,hatred,,https://avatars.steamstatic.com/3aa3beaa480cc2ea60151dac4f65ba19f23ad6cc_full.jpg,292,147,20,7,8.3,9.3,15.85,539.05,881.75
votememe,AX,Пенисологи,1064926618,votememe,,https://avatars.steamstatic.com/e95995c44f6ec500485b6d7066d2d379802bbc39_full.jpg,652,346,20,7,10.75,6.3,12.55,602.4,965.25
senseles,Afghanistan,spirit,886469493,senseles,,https://avatars.steamstatic.com/00e054cb5feb0301732edf00d7003b0306a65140_full.jpg,1783,916,20,12,7.85,7.4,15.25,563.15,822.1
Arpaf2331,Albania,Guardians of Hearts,1552234135,Arpaf2331,,https://avatars.steamstatic.com/fc6114abe3045ffd8184842efde2e28f469c366e_full.jpg,683,350,20,10,7.45,7.6,12.7,444.55,681.75
Wisper,BO,HEROIC,292921272,Wisper,,https://avatars.steamstatic.com/a499b7dbf85483f3cf187db74c2c7d24fffa9e0c_full.jpg,14305,7876,20,9,5.8,4.45,11.9,603.5,756.75
zerokiryuu,BY,gdedifferencebro?,1116773427,zerokiryuu,,https://avatars.steamstatic.com/85c48e07ee963c35015da2110509887063b8a15d_full.jpg,2089,1075,20,12,9.95,6.6,13.5,598.95,881.85
SeKai-,Brazil,Nethercore,164213148,SeKai-,,https://avatars.steamstatic.com/be46ea8039f11d40797a220fbfaeac5601a50a44_full.jpg,13765,7134,20,19,12.95,1.65,14.55,639.9,737.6
Eurus♪,China,River,1011413017,Eurus♪,,https://avatars.steamstatic.com/06a5212fc4475e82cf378bf688744894ebf159d3_full.jpg,1595,838,20,17,8.2,3.95,14.15,580.25,713.05
killa62,DZ,China Players,1023666038,killa62,,https://avatars.steamstatic.com/eecc6bc8fa6830509113300d15a434cb6001f743_full.jpg,565,283,20,9,10.0,9.85,16.2,569.9,802.15
tOfu,Germany,Team Liquid,16497807,tOfu,,https://avatars.steamstatic.com/a0aca11d96d24ee6796bc8017fe7d988ac69006d_full.jpg,6156,3751,20,12,3.0,5.75,16.1,358.85,495.7
Nyao,Indonesia,REKONIX,168361176,Nyao,,https://avatars.steamstatic.com/32bf36c438f0c78916cafbe7477460a467b005db_full.jpg,6131,3286,20,16,11.05,3.95,15.45,622.55,802.4
kaoruko,JP,arisenawa,1298611697,kaoruko,,https://avatars.steamstatic.com/a5ba546b3a90e0a26f328eaf1f5c50948b1be5a7_full.jpg,242,118,20,10,6.8,7.25,7.1,1047.55,1709.95
aikko,Kazakhstan,Emptiness Depletion,451204586,aikko,,https://avatars.steamstatic.com/fe7084286b05b69ebdca6dfae101c3c634fae96f_full.jpg,5201,2772,20,8,8.95,6.6,7.55,674.75,862.4
st01c,Malaysia,322 Official,56811243,st01c,,https://avatars.steamstatic.com/361ab4d549d637f7042e8ebfb531882e6cc1dc4f_full.jpg,4559,2258,20,11,3.95,6.35,19.7,405.5,641.7
NARMAN,Mongolia,Geek Fam,343084576,NARMAN,,https://avatars.steamstatic.com/70243673534acce1142f095ce00e07c8773ac889_full.jpg,10279,5571,20,17,3.0,4.3,18.2,330.45,473.3
Guré Léiman,Peru,Lava Esports,179284293,Guré Léiman,,https://avatars.steamstatic.com/7eddc6c166fc459f449ed0ca958db9b903b6355f_full.jpg,18572,9679,20,8,3.4,7.85,13.35,346.15,472.4
Eno,Philippines,Sovereignty Gaming,1136380909,Eno,,https://avatars.steamstatic.com/8b5682c45be1d98032afcd1e8a433d98a9525ede_full.jpg,1714,902,20,10,13.2,6.8,16.15,603.3,746.3
rng,Russia,Raven Squad,167874436,rng,,https://avatars.steamstatic.com/8a580cf0c28261013590db5cc61a860d8aad0644_full.jpg,9818,5006,20,10,10.35,6.55,10.6,614.9,863.5
(6pos),Sweden,Literium Team,315205221,(6pos) ,,https://avatars.steamstatic.com/63bae6b404b1af5e9995aab27890d32cf4b5c467_full.jpg,2689,1284,20,5,4.8,9.9,12.9,553.85,897.4
Sixty9blade,UNK,Team 1qually,427154961,Sixty9blade,,https://avatars.steamstatic.com/627a3741bab5e14f957e6a5570ca92a8f00be8e1_full.jpg,1765,805,20,9,11.85,8.0,8.9,634.7,910.45
Dorami,Ukraine,Brewmaster's Children,1626532619,Dorami,,https://avatars.steamstatic.com/0e7a8baacf6d0883181ffbeac51fc040c16a5576_full.jpg,1518,750,20,11,8.65,9.25,12.9,617.45,1009.85
iRtDPC,United States,ESPORT SQUAD,450690203,iRtDPC,,https://avatars.steamstatic.com/9ccb4a7ed6cfedbccf73695e4b523ecb8240a2d2_full.jpg,635,313,20,8,4.35,5.65,9.65,839.55,1524.85
cybertolyan,AX,4Anchors+1,143319170,cybertolyan,,https://avatars.steamstatic.com/c14396b4899114b1cb0971f59cbad7a3ac7975ea_full.jpg,6357,3166,20,14,14.35,5.05,14.55,674.5,912.55
bebebbebebeeb,Afghanistan,Koroli Doti,914093625,bebebbebebeeb,,https://avatars.steamstatic.com/6665b0dba2b5568ff72c301963f43131ac24cfe4_full.jpg,1318,670,20,5,6.65,7.45,16.45,740.2,1226.5
psychovert <,Albania,P9,489259641,psychovert <,,https://avatars.steamstatic.com/add53f003fcd84b04794fa077b1be4cf3e5ec13d_full.jpg,5030,2672,20,13,9.15,6.8,12.5,1178.25,1812.25
Fishman,BY,1w Team,127565532,Fishman,,https://avatars.steamstatic.com/ae5de69f846bd24fc67b5fd1254d414de8471649_full.jpg,9931,5356,20,7,2.3,7.55,11.05,271.7,371.8
Fatzin,Brazil,Balrogs  Esports™,126174633,Fatzin,,https://avatars.steamstatic.com/cc4ad11958b3e8a545f64554884bd78270c9c095_full.jpg,11061,5860,20,11,8.25,4.45,13.15,858.05,1274.4
Yakult,China,Yakult Brothers,86785208,Yakult,,https://avatars.steamstatic.com/1c0b5c37a442a2d39f32902ec42f2e26ba6a142e_full.jpg,14481,7600,20,8,8.2,5.75,10.15,633.0,910.95
azverin7,DZ,Free For All,57674647,azverin7,,https://avatars.steamstatic.com/fef49e7fa7e1997310d705b2a6158ff8dc1cdfeb_full.jpg,6049,3009,20,13,8.35,10.9,15.85,443.15,593.7
Jabbz,Germany,Team Liquid,60943014,Jabbz,,https://avatars.steamstatic.com/cee617f26b9504fcb7391ecdd5b06272afbbec75_full.jpg,12873,7261,20,13,10.7,6.0,15.25,611.05,783.1
Coffee-,Indonesia,Velociteam,1044044936,Coffee-,,https://avatars.steamstatic.com/1f77acfc3d7871c20f8ac16ed2db5bea46ff8b17_full.jpg,1803,948,20,4,7.05,6.45,13.9,510.8,796.4
~putlong,JP,Rechel Buddies,239725987,~putlong,,https://avatars.steamstatic.com/41c5a5e1380d0d044aa5204bf79b412e97ca543f_full.jpg,3120,1553,20,11,5.7,7.3,10.9,888.6,1345.7
gar,Kazakhstan,Arcane Rune,1094838468,gar,,https://avatars.steamstatic.com/9b250197189d10deccb1b6f3f6b02cd693cccffd_full.jpg,1224,630,20,7,4.4,6.75,14.2,612.3,1115.3
ponyo,Malaysia,Talon,293904640,ponyo,,https://avatars.steamstatic.com/1a733cea9769f7ee6e29c0d22080cf419b7cdecc_full.jpg,13929,7490,20,16,3.65,5.8,18.8,340.2,445.05
Elmisho,Peru,beastcoast,1031547092,Elmisho,,https://avatars.steamstatic.com/c4af697e2172a98063f9ab68f2d0913e9273cae9_full.jpg,6027,3371,20,9,2.55,7.15,13.85,303.1,412.95
Strixx,Philippines,2131qeqwe,366496640,Strixx,,https://avatars.steamstatic.com/40f14705ee2f36e993cd16f97bd1406ee08e3132_full.jpg,536,274,20,9,7.0,9.0,13.95,459.25,623.6
SayoNaraッ,Russia,paqoe team,1128253510,SayoNaraッ,,https://avatars.steamstatic.com/5c021d1be766675e35a5268dd95a712f458d82c3_full.jpg,618,300,20,9,9.4,7.05,12.3,819.95,1336.5
m1CKe,Sweden,Team Liquid,152962063,m1CKe,,https://avatars.steamstatic.com/71670af158159d9acc268ffebb6974efd685fb71_full.jpg,5836,3382,20,12,9.1,4.1,8.75,671.85,778.3
Rikudō疼痛,UNK,X3,896591182,Rikudō疼痛,,https://avatars.steamstatic.com/730dbc0f537070ffcf22a788a8a53adeebc0fc63_full.jpg,890,477,20,8,4.25,7.4,12.35,416.25,635.0
KILLKILLON,Ukraine,Bonjour Team,1241633993,KILLKILLON,,https://avatars.steamstatic.com/6b2adb1efd3ab54a012e3cb197814000b508b2e8_full.jpg,812,412,20,12,7.75,7.2,17.35,674.2,1091.65
Scourge McDuck,United States,The Cut,85367644,Scourge McDuck,,https://avatars.steamstatic.com/12898288b93ef873f3eb09822eb2187adf60bc6f_full.jpg,15814,8356,20,6,6.3,6.35,11.25,532.85,691.4
Komuro,AX,Winners,254475276,Komuro,,https://avatars.steamstatic.com/37c85affa14f154f661f3788245fa64b8f45a56a_full.jpg,6189,3319,20,12,10.05,5.65,9.7,707.6,918.95
Wizard,Afghanistan,DF JUNIOR,1518984397,Wizard,,https://avatars.steamstatic.com/7ed03c175c299cf5ef619dc7a3fc5beebe816790_full.jpg,1029,519,20,8,8.35,8.1,11.95,511.95,721.0
suuuyyyyy!!!,Albania,BEZMAM ESPORTS,1527303102,suuuyyyyy!!!,,https://avatars.steamstatic.com/04f21bedbc06275028b3173893b139e41694af8a_full.jpg,1261,601,20,10,8.25,7.2,11.7,572.45,794.55
Egx,BY,VP.Prodigy,1054936816,Egx,,https://avatars.steamstatic.com/c049612eddf211218be0aa1dbd41ea42e323d9e4_full.jpg,1695,881,20,6,6.45,3.2,6.1,624.65,783.45
nuages,Brazil,Infamous Gaming,86818655,nuages,,https://avatars.steamstatic.com/980d28ea055eb653f9644f8a48843a8fc9f24f3c_full.jpg,16406,8990,20,8,6.7,7.45,13.7,938.8,1573.1
Tianming,China,Xtreme Gaming,158847773,Tianming,,https://avatars.steamstatic.com/2cf38decb70f465ee10cf81e200e36bdc5e5be14_full.jpg,14057,7485,20,6,1.95,6.9,12.8,281.7,431.45
v1olent–,DZ,L1GA TEAM,125445069,v1olent–,,https://avatars.steamstatic.com/2a03c8a598922aca1e514315158cea12a9234838_full.jpg,11473,6074,20,10,7.9,3.4,8.75,702.85,823.6
JupLek,Indonesia,The Monkey Geniuses,225817198,JupLek,,https://avatars.steamstatic.com/62c4bd71cffce6910cad34bcc3f157652db8c840_full.jpg,226,102,20,11,8.65,6.45,12.35,768.9,1116.25
Weamer,Kazakhstan,ONEMANARMY,1296161000,Weamer,,https://avatars.steamstatic.com/706aa5973b9a29d5f21098ff123ad04f80ce1792_full.jpg,1396,729,20,11,15.55,6.4,11.2,638.95,885.1
